,GENDAI HYAKKA INC. CATALOGUE【2019 vol.2 / AUTUMN & WINTER】（掲載商品）,,,,,,,,,,,,,,,,,,,,,,,,,,,,,,,,
,※A列に○マークがついたアイテムは新商品／◆マークがついたアイテムは価格改定がある商品,,,,,,,,,,,,,,,,,,,,,,,,,,,,,,,,
,品番,品名,色・タイプ,旧本体価格,本体価格,原産国,JANコード,ページ,サイズ,容量,素材,L／C,耐荷重,備考,納期,,,,,,,,,,,,,,,,,,
,A,,,,,,,,,,,,,,,,,,,,,,,,,,,,,,,,
,A045,good day cafe 耐熱ﾊﾟｽﾀｼﾞｬｰ 2.15L,,,"¥2,200",CHINA,4516344079146,13,Φ100×H320,2150ml,耐熱ｶﾞﾗｽ･ﾊﾞﾝﾌﾞｰ,1/16,,食洗機/可･電子ﾚﾝｼﾞ/可,,,,,,,,,,,,,,,,,,,
,A046,good day cafe 耐熱ｶﾞﾗｽｼﾞｬｰ 1.25L,,,"¥1,800",CHINA,4516344079153,13,Φ100×H190,1250ml,耐熱ｶﾞﾗｽ･ﾊﾞﾝﾌﾞｰ,1/12,,食洗機/可･電子ﾚﾝｼﾞ/可,,,,,,,,,,,,,,,,,,,
,A047,good day cafe 耐熱ｶﾞﾗｽｼﾞｬｰ 0.75L,,,"¥1,500",CHINA,4516344079160,13,Φ100×H130,750ml,耐熱ｶﾞﾗｽ･ﾊﾞﾝﾌﾞｰ,1/24,,食洗機/可･電子ﾚﾝｼﾞ/可,,,,,,,,,,,,,,,,,,,
,A048,good day cafe 耐熱ｶﾞﾗｽｼﾞｬｰ 0.63L,,,"¥1,400",CHINA,4516344079177,13,Φ100×H105,630ml,耐熱ｶﾞﾗｽ･ﾊﾞﾝﾌﾞｰ,1/24,,食洗機/可･電子ﾚﾝｼﾞ/可,,,,,,,,,,,,,,,,,,,
,A049,good day cafe 耐熱ｶﾞﾗｽｼﾞｬｰ 0.3L,,,"¥1,000",CHINA,4516344079184,13,Φ100×H80,300ml,耐熱ｶﾞﾗｽ･ﾊﾞﾝﾌﾞｰ,1/48,,食洗機/可･電子ﾚﾝｼﾞ/可,,,,,,,,,,,,,,,,,,,
,A050,good day cafe 耐熱ｶﾞﾗｽｼﾞｬｰ 0.25L,,,¥900,CHINA,4516344079191,13,Φ100×H70,250ml,耐熱ｶﾞﾗｽ･ﾊﾞﾝﾌﾞｰ,1/48,,食洗機/可･電子ﾚﾝｼﾞ/可,,,,,,,,,,,,,,,,,,,
,A051,good day cafe 耐熱ｶﾞﾗｽｼﾞｬｰ 0.2L,,,¥800,CHINA,4516344079207,13,Φ100×H60,200ml,耐熱ｶﾞﾗｽ･ﾊﾞﾝﾌﾞｰ,1/48,,食洗機/可･電子ﾚﾝｼﾞ/可,,,,,,,,,,,,,,,,,,,
,A080BR,SHIPPING BOX ｽﾀﾝﾀﾞｰﾄﾞ (L),BROWN,,"¥2,400",CHINA,4516344079658,13,W270×D210×H145,,ｳｯﾄﾞ(ﾊﾟｲﾝ),1/8,,,,,,,,,,,,,,,,,,,,,
,A080NT,SHIPPING BOX ｽﾀﾝﾀﾞｰﾄﾞ (L),NATURAL,,"¥2,400",CHINA,4516344079689,13,W270×D210×H145,,ｳｯﾄﾞ(ﾊﾟｲﾝ),1/8,,,,,,,,,,,,,,,,,,,,,
,A081BR,SHIPPING BOX ｽﾀﾝﾀﾞｰﾄﾞ (S),BROWN,,"¥1,800",CHINA,4516344079696,13,W210×D135×H145,,ｳｯﾄﾞ(ﾊﾟｲﾝ),1/16,,,,,,,,,,,,,,,,,,,,,
,A081NT,SHIPPING BOX ｽﾀﾝﾀﾞｰﾄﾞ (S),NATURAL,,"¥1,800",CHINA,4516344079702,13,W210×D135×H145,,ｳｯﾄﾞ(ﾊﾟｲﾝ),1/16,,,,,,,,,,,,,,,,,,,,,
,A082BR,SHIPPING BOX ﾂｰﾙ,BROWN,,"¥1,300",CHINA,4516344079719,13,W135×D165×H115,,ｳｯﾄﾞ(ﾊﾟｲﾝ),1/20,,,,,,,,,,,,,,,,,,,,,
,A082NT,SHIPPING BOX ﾂｰﾙ,NATURAL,,"¥1,300",CHINA,4516344079726,13,W135×D165×H115,,ｳｯﾄﾞ(ﾊﾟｲﾝ),1/20,,,,,,,,,,,,,,,,,,,,,
,A083BR,SHIPPING BOX ｽﾘﾑ,BROWN,,"¥1,300",CHINA,4516344079740,13,W270×D90×H90,,ｳｯﾄﾞ(ﾊﾟｲﾝ),1/20,,,,,,,,,,,,,,,,,,,,,
,A083NT,SHIPPING BOX ｽﾘﾑ,NATURAL,,"¥1,300",CHINA,4516344079757,13,W270×D90×H90,,ｳｯﾄﾞ(ﾊﾟｲﾝ),1/20,,,,,,,,,,,,,,,,,,,,,
,A095BL,PANTRY BASKET(L),BLUE,,"¥2,500",CHINA,4516344086335,27,W360×D260×H200,,ｽﾁｰﾙ･PVC,1/6,8kg,,,,,,,,,,,,,,,,,,,,
,A096BL,PANTRY BASKET(S),BLUE,,"¥1,500",CHINA,4516344086342,27,W260×D190×H140,,ｽﾁｰﾙ･PVC,1/6,4kg,,,,,,,,,,,,,,,,,,,,
,A097BL,PANTRY BASKET ﾌﾗｯﾄ,BLUE,,"¥2,000",CHINA,4516344086359,27,W360×D260×H100,,ｽﾁｰﾙ･PVC,1/6,8kg,,,,,,,,,,,,,,,,,,,,
,A098BL,PANTRY BASKET ｼｪﾙﾌ(L),BLUE,,"¥2,800",CHINA,4516344086366,27,W360×D260×H200,,ｽﾁｰﾙ･PVC,1/6,8kg,,,,,,,,,,,,,,,,,,,,
,A099BL,PANTRY BASKET ｼｪﾙﾌ(S),BLUE,,"¥1,800",CHINA,4516344086373,27,W260×D190×H140,,ｽﾁｰﾙ･PVC,1/6,4kg,,,,,,,,,,,,,,,,,,,,
,A132BK,Noah ﾓﾍﾔﾈｯﾌﾟ ｽﾄｰﾙ,BLACK,,2800,CHINA,4516344081743,20,約800×1800 (ﾌﾘﾝｼﾞ100),,ｱｸﾘﾙ･ﾎﾟﾘｴｽﾃﾙ,1/40,,,,,,,,,,,,,,,,,,,,,
,A132NV,Noah ﾓﾍﾔﾈｯﾌﾟ ｽﾄｰﾙ,NAVY,,2800,CHINA,4516344081750,20,約800×1800 (ﾌﾘﾝｼﾞ100),,ｱｸﾘﾙ･ﾎﾟﾘｴｽﾃﾙ,1/40,,,,,,,,,,,,,,,,,,,,,
,A132RD,Noah ﾓﾍﾔﾈｯﾌﾟ ｽﾄｰﾙ,RED,,2800,CHINA,4516344081767,20,約800×1800 (ﾌﾘﾝｼﾞ100),,ｱｸﾘﾙ･ﾎﾟﾘｴｽﾃﾙ,1/40,,,,,,,,,,,,,,,,,,,,,
◯,A223BL,BonBon ｳｰﾙｺｰｽﾀｰ ﾐｯｸｽ,BLUE,,¥600,NEPAL,4516344088940,12,約Φ110,,ｳｰﾙ100%,5,,,8/下,,,,,,,,,,,,,,,,,,
,A223RD,BonBon ｳｰﾙｺｰｽﾀｰ ﾐｯｸｽ,RED,,¥600,NEPAL,4516344084447,12,約Φ110,,ｳｰﾙ100%,5,,,,,,,,,,,,,,,,,,,,,
,A223YE,BonBon ｳｰﾙｺｰｽﾀｰ ﾐｯｸｽ,YELLOW,,¥600,NEPAL,4516344084454,12,約Φ110,,ｳｰﾙ100%,5,,,,,,,,,,,,,,,,,,,,,
◯,A224 BL,BonBon ｳｰﾙﾄﾘﾍﾞｯﾄ ﾐｯｸｽ,BLUE,,"¥1,900",NEPAL,4516344088957,12,約Φ190,,ｳｰﾙ100%,1,,,8/下,,,,,,,,,,,,,,,,,,
,A224RD,BonBon ｳｰﾙﾄﾘﾍﾞｯﾄ ﾐｯｸｽ,RED,,"¥1,900",NEPAL,4516344084478,12,約Φ190,,ｳｰﾙ100%,1,,,,,,,,,,,,,,,,,,,,,
,A224YE,BonBon ｳｰﾙﾄﾘﾍﾞｯﾄ ﾐｯｸｽ,YELLOW,,"¥1,900",NEPAL,4516344084485 ,12,約Φ190,,ｳｰﾙ100%,1,,,,,,,,,,,,,,,,,,,,,
◆,A225CA,Fortune 4wayﾌﾞﾗﾝｹｯﾄ,CAMEL,"¥2,800","¥2,400",CHINA,4516344084492,22,800×1400,,ﾎﾟﾘｴｽﾃﾙ,1/24,,,,,,,,,,,,,,,,,,,,,
◆,A225NV,Fortune 4wayﾌﾞﾗﾝｹｯﾄ,NAVY,"¥2,800","¥2,400",CHINA,4516344084508,22,800×1400,,ﾎﾟﾘｴｽﾃﾙ,1/24,,,,,,,,,,,,,,,,,,,,,
◆,A226CA,Fortune ﾋﾞｯｸﾞﾌﾞﾗﾝｹｯﾄ,CAMEL,"¥4,500","¥3,800",CHINA,4516344084515,22,1400×2000,,ﾎﾟﾘｴｽﾃﾙ,1/12,,,,,,,,,,,,,,,,,,,,,
◆,A226NV,Fortune ﾋﾞｯｸﾞﾌﾞﾗﾝｹｯﾄ,NAVY,"¥4,500","¥3,800",CHINA,4516344084522,22,1400×2000,,ﾎﾟﾘｴｽﾃﾙ,1/12,,,,,,,,,,,,,,,,,,,,,
◆,A227CA,Fortune ﾙｰﾑｼｭｰｽﾞ (L),CAMEL,"¥2,000","¥1,500",CHINA,4516344084539,22,約25.0〜27.0cm,,ﾎﾟﾘｴｽﾃﾙ,1/30,,,,,,,,,,,,,,,,,,,,,
◆,A227NV,Fortune ﾙｰﾑｼｭｰｽﾞ (L),NAVY,"¥2,000","¥1,500",CHINA,4516344084546,22,約25.0〜27.0cm,,ﾎﾟﾘｴｽﾃﾙ,1/30,,,,,,,,,,,,,,,,,,,,,
◆,A228CA,Fortune ﾙｰﾑｼｭｰｽﾞ (M),CAMEL,"¥2,000","¥1,500",CHINA,4516344084553,22,約23.0〜24.5cm,,ﾎﾟﾘｴｽﾃﾙ,1/30,,,,,,,,,,,,,,,,,,,,,
◆,A228NV,Fortune ﾙｰﾑｼｭｰｽﾞ (M),NAVY,"¥2,000","¥1,500",CHINA,4516344084560,22,約23.0〜24.5cm,,ﾎﾟﾘｴｽﾃﾙ,1/30,,,,,,,,,,,,,,,,,,,,,
◆,A229CA,Fortune ｽﾀｰｸｯｼｮﾝ,CAMEL,"¥2,800","¥2,400",CHINA,4516344084577,22,480×480,,ﾎﾟﾘｴｽﾃﾙ,1/10,,,,,,,,,,,,,,,,,,,,,
◆,A229NV,Fortune ｽﾀｰｸｯｼｮﾝ,NAVY,"¥2,800","¥2,400",CHINA,4516344084584,22,480×480,,ﾎﾟﾘｴｽﾃﾙ,1/10,,,,,,,,,,,,,,,,,,,,,
,A233BR,STATION ｺﾞﾐ袋ｽﾄｯｶｰ,BROWN,,"¥1,900",CHINA,4516344084713,15,W260×H400(底面内ﾏﾁ60),,ｺｯﾄﾝ･ﾚｻﾞｰ(牛革),1/100,,,,,,,,,,,,,,,,,,,,,
,A233NT,STATION ｺﾞﾐ袋ｽﾄｯｶｰ,NATURAL,,"¥1,900",CHINA,4516344084720,15,W260×H400(底面内ﾏﾁ60),,ｺｯﾄﾝ･ﾚｻﾞｰ(牛革),1/100,,,,,,,,,,,,,,,,,,,,,
,A234BR,STATION ﾚｼﾞ袋ｽﾄｯｶｰ,BROWN,,"¥1,600",CHINA,4516344084737,15,W220×H340(底面内ﾏﾁ100),,ｺｯﾄﾝ･ﾚｻﾞｰ(牛革),1/100,,,,,,,,,,,,,,,,,,,,,
,A234NT,STATION ﾚｼﾞ袋ｽﾄｯｶｰ,NATURAL,,"¥1,600",CHINA,4516344084744,15,W220×H340(底面内ﾏﾁ100),,ｺｯﾄﾝ･ﾚｻﾞｰ(牛革),1/100,,,,,,,,,,,,,,,,,,,,,
,A241PK,ｶｸﾀｽｿｰｲﾝｸﾞｾｯﾄ,PINK FLOWER,,"¥1,600",CHINA,4516344085024 ,31,Φ90×H135,,ｺｯﾄﾝ･ﾍﾟｰﾊﾟｰ,1/60,,,,,,,,,,,,,,,,,,,,,
,A241RD,ｶｸﾀｽｿｰｲﾝｸﾞｾｯﾄ,RED FLOWER,,"¥1,600",CHINA,4516344085017,31,Φ90×H80,,ｺｯﾄﾝ･ﾍﾟｰﾊﾟｰ,1/60,,,,,,,,,,,,,,,,,,,,,
,A241YE,ｶｸﾀｽｿｰｲﾝｸﾞｾｯﾄ,YELLOW FLOWER,,"¥1,600",CHINA,4516344085000,31,Φ90×H140,,ｺｯﾄﾝ･ﾍﾟｰﾊﾟｰ,1/60,,,,,,,,,,,,,,,,,,,,,
,A246BL,BOOK LOVERS ﾒｶﾞﾈｹｰｽ ｽﾘﾑ,BLUE,,"¥1,500",KOREA,4516344085192,30,W160×D55×H32,,(ｹｰｽ)ﾎﾟﾘｴｽﾃﾙ･ﾅｲﾛﾝ･ｽﾁｰﾙ･ﾎﾟﾘｽﾁﾚﾝ(ｸﾛｽ)ﾎﾟﾘｴｽﾃﾙ･ﾅｲﾛﾝ,1/120,,15×18cmのﾒｶﾞﾈｸﾛｽ付き,,,,,,,,,,,,,,,,,,,
,A246GR,BOOK LOVERS ﾒｶﾞﾈｹｰｽ ｽﾘﾑ,GREEN,,"¥1,500",KOREA,4516344085208,30,W160×D55×H32,,(ｹｰｽ)ﾎﾟﾘｴｽﾃﾙ･ﾅｲﾛﾝ･ｽﾁｰﾙ･ﾎﾟﾘｽﾁﾚﾝ(ｸﾛｽ)ﾎﾟﾘｴｽﾃﾙ･ﾅｲﾛﾝ,1/120,,15×18cmのﾒｶﾞﾈｸﾛｽ付き,,,,,,,,,,,,,,,,,,,
,A246GY,BOOK LOVERS ﾒｶﾞﾈｹｰｽ ｽﾘﾑ,GRAY,,"¥1,500",KOREA,4516344085215,30,W160×D55×H32,,(ｹｰｽ)ﾎﾟﾘｴｽﾃﾙ･ﾅｲﾛﾝ･ｽﾁｰﾙ･ﾎﾟﾘｽﾁﾚﾝ(ｸﾛｽ)ﾎﾟﾘｴｽﾃﾙ･ﾅｲﾛﾝ,1/120,,15×18cmのﾒｶﾞﾈｸﾛｽ付き,,,,,,,,,,,,,,,,,,,
,A246RD,BOOK LOVERS ﾒｶﾞﾈｹｰｽ ｽﾘﾑ,RED,,"¥1,500",KOREA,4516344085222,30,W160×D55×H32,,(ｹｰｽ)ﾎﾟﾘｴｽﾃﾙ･ﾅｲﾛﾝ･ｽﾁｰﾙ･ﾎﾟﾘｽﾁﾚﾝ(ｸﾛｽ)ﾎﾟﾘｴｽﾃﾙ･ﾅｲﾛﾝ,1/120,,15×18cmのﾒｶﾞﾈｸﾛｽ付き,,,,,,,,,,,,,,,,,,,
,A254BL,W/D ﾗﾝﾄﾞﾘｰﾈｯﾄ ﾊﾞｯｸﾞ,BLUE,,"¥1,400",CHINA,4516344085338,25,W470×D320×H340,,ﾎﾟﾘｴｽﾃﾙ,1/96,,,,,,,,,,,,,,,,,,,,,
,A254GY,W/D ﾗﾝﾄﾞﾘｰﾈｯﾄ ﾊﾞｯｸﾞ,GRAY,,"¥1,400",CHINA,4516344085345,25,W470×D320×H340,,ﾎﾟﾘｴｽﾃﾙ,1/96,,,,,,,,,,,,,,,,,,,,,
,A255BL,W/D ﾗﾝﾄﾞﾘｰﾈｯﾄ 筒型,BLUE,,"¥1,000",CHINA,4516344085352,25,Φ200×H300,,ﾎﾟﾘｴｽﾃﾙ,1/60,,,,,,,,,,,,,,,,,,,,,
,A255GY,W/D ﾗﾝﾄﾞﾘｰﾈｯﾄ 筒型,GRAY,,"¥1,000",CHINA,4516344085369,25,Φ200×H300,,ﾎﾟﾘｴｽﾃﾙ,1/60,,,,,,,,,,,,,,,,,,,,,
,A256BL,W/D ﾗﾝﾄﾞﾘｰﾈｯﾄ ﾌﾗｯﾄ,BLUE,,¥800,CHINA,4516344085376,25,W390×H290,,ﾎﾟﾘｴｽﾃﾙ,1/96,,,,,,,,,,,,,,,,,,,,,
,A256GY,W/D ﾗﾝﾄﾞﾘｰﾈｯﾄ ﾌﾗｯﾄ,GRAY,,¥800,CHINA,4516344085383,25,W390×H290,,ﾎﾟﾘｴｽﾃﾙ,1/96,,,,,,,,,,,,,,,,,,,,,
,A257BL,W/D ﾗﾝﾄﾞﾘｰﾈｯﾄ 舟型,BLUE,,¥700,CHINA,4516344085390,25,W260×D170×H150,,ﾎﾟﾘｴｽﾃﾙ,1/192,,,,,,,,,,,,,,,,,,,,,
,A257GY,W/D ﾗﾝﾄﾞﾘｰﾈｯﾄ 舟型,GRAY,,¥700,CHINA,4516344085406,25,W260×D170×H150,,ﾎﾟﾘｴｽﾃﾙ,1/192,,,,,,,,,,,,,,,,,,,,,
,A270CA,CAMPER ﾃﾝﾄﾚｼﾞｬｰｼｰﾄ,ｶﾓﾌﾗｰｼﾞｭ,,"¥2,900",CHINA,4516344085994,6,(ﾎﾟｰﾁ)W135×D210×H120/(ﾚｼﾞｬｰｼｰﾄ)900×1400,,ﾎﾟﾘｴｽﾃﾙ,1/36,,ﾍﾟｸﾞ4PCS付き,,,,,,,,,,,,,,,,,,,
,A270RA,CAMPER ﾃﾝﾄﾚｼﾞｬｰｼｰﾄ,ﾚｲﾝﾎﾞｰ,,"¥2,900",CHINA,4516344085970,6,(ﾎﾟｰﾁ)W135×D210×H120/(ﾚｼﾞｬｰｼｰﾄ)900×1400,,ﾎﾟﾘｴｽﾃﾙ,1/36,,ﾍﾟｸﾞ4PCS付き,,,,,,,,,,,,,,,,,,,
,A273BL,gratify ｸｰﾗｰﾊﾞｯｸﾞ,BLUE,,"¥4,200",CHINA,4516344086090,6,W400×D190×H280(折りたたみ時 W430×D100×H300),,ﾎﾟﾘｴｽﾃﾙ･ｱﾙﾐ･ﾎﾟﾘｳﾚﾀﾝ,1/30,(10kg),,,,,,,,,,,,,,,,,,,,
,A273GR,gratify ｸｰﾗｰﾊﾞｯｸﾞ,GREEN,,"¥4,200",CHINA,4516344086106,6,W400×D190×H280(折りたたみ時 W430×D100×H300),,ﾎﾟﾘｴｽﾃﾙ･ｱﾙﾐ･ﾎﾟﾘｳﾚﾀﾝ,1/30,(10kg),,,,,,,,,,,,,,,,,,,,
,A273RD,gratify ｸｰﾗｰﾊﾞｯｸﾞ,RED,,"¥4,200",CHINA,4516344086113,6,W400×D190×H280(折りたたみ時 W430×D100×H300),,ﾎﾟﾘｴｽﾃﾙ･ｱﾙﾐ･ﾎﾟﾘｳﾚﾀﾝ,1/30,(10kg),,,,,,,,,,,,,,,,,,,,
,A274BL,gratify ｸｰﾗｰﾎﾟｰﾁ,BLUE,,"¥1,600",CHINA,4516344086120,6,W260×D100×H350,,ﾎﾟﾘｴｽﾃﾙ,1/100,(5kg),底面内ﾏﾁﾀｲﾌﾟ･(内生地:ｼﾙﾊﾞｰｺｰﾃｨﾝｸﾞ),,,,,,,,,,,,,,,,,,,
,A274GR,gratify ｸｰﾗｰﾎﾟｰﾁ,GREEN,,"¥1,600",CHINA,4516344086137,6,W260×D100×H350,,ﾎﾟﾘｴｽﾃﾙ,1/100,(5kg),底面内ﾏﾁﾀｲﾌﾟ･(内生地:ｼﾙﾊﾞｰｺｰﾃｨﾝｸﾞ),,,,,,,,,,,,,,,,,,,
,A274RD,gratify ｸｰﾗｰﾎﾟｰﾁ,RED,,"¥1,600",CHINA,4516344086144,6,W260×D100×H350,,ﾎﾟﾘｴｽﾃﾙ,1/100,(5kg),底面内ﾏﾁﾀｲﾌﾟ･(内生地:ｼﾙﾊﾞｰｺｰﾃｨﾝｸﾞ),,,,,,,,,,,,,,,,,,,
,A281BL,W/D ﾗﾝﾄﾞﾘｰﾊﾞｯｸﾞ ,BLUE,,"¥2,900",CHINA,4516344086304,25,W450×D250×H450,,ﾎﾟﾘｴｽﾃﾙ,1/50,,,,,,,,,,,,,,,,,,,,,
,A281GY,W/D ﾗﾝﾄﾞﾘｰﾊﾞｯｸﾞ ,GRAY,,"¥2,900",CHINA,4516344086311,25,W450×D250×H450,,ﾎﾟﾘｴｽﾃﾙ,1/50,,,,,,,,,,,,,,,,,,,,,
,A291BO,PACO ﾒｶﾞﾈｹｰｽ,ﾎﾞｯｸｽﾁｪｯｸ,,"¥1,500",KOREA,4516344086403,30,W160×D62×H40,,(ｹｰｽ)ﾎﾟﾘｴｽﾃﾙ･ﾅｲﾛﾝ･ｽﾁｰﾙ･ﾎﾟﾘｽﾁﾚﾝ(ｸﾛｽ)ﾎﾟﾘｴｽﾃﾙ･ﾅｲﾛﾝ,2/80,,,,,,,,,,,,,,,,,,,,,
,A291FU,PACO ﾒｶﾞﾈｹｰｽ,ﾌﾗﾜｰﾄﾞｯﾄ,,"¥1,500",KOREA,4516344086410,30,W160×D62×H40,,(ｹｰｽ)ﾎﾟﾘｴｽﾃﾙ･ﾅｲﾛﾝ･ｽﾁｰﾙ･ﾎﾟﾘｽﾁﾚﾝ(ｸﾛｽ)ﾎﾟﾘｴｽﾃﾙ･ﾅｲﾛﾝ,2/80,,,,,,,,,,,,,,,,,,,,,
,A291GI,PACO ﾒｶﾞﾈｹｰｽ,ｷﾞﾝｶﾞﾑﾁｪｯｸ,,"¥1,500",KOREA,4516344086427,30,W160×D62×H40,,(ｹｰｽ)ﾎﾟﾘｴｽﾃﾙ･ﾅｲﾛﾝ･ｽﾁｰﾙ･ﾎﾟﾘｽﾁﾚﾝ(ｸﾛｽ)ﾎﾟﾘｴｽﾃﾙ･ﾅｲﾛﾝ,2/80,,,,,,,,,,,,,,,,,,,,,
,A291LI,PACO ﾒｶﾞﾈｹｰｽ,ﾗｲﾝﾄﾞｯﾄ,,"¥1,500",KOREA,4516344086434,30,W160×D62×H40,,(ｹｰｽ)ﾎﾟﾘｴｽﾃﾙ･ﾅｲﾛﾝ･ｽﾁｰﾙ･ﾎﾟﾘｽﾁﾚﾝ(ｸﾛｽ)ﾎﾟﾘｴｽﾃﾙ･ﾅｲﾛﾝ,2/80,,,,,,,,,,,,,,,,,,,,,
,A291MA,PACO ﾒｶﾞﾈｹｰｽ,ﾏﾄﾞﾗｽﾁｪｯｸ,,"¥1,500",KOREA,4516344086441,30,W160×D62×H40,,(ｹｰｽ)ﾎﾟﾘｴｽﾃﾙ･ﾅｲﾛﾝ･ｽﾁｰﾙ･ﾎﾟﾘｽﾁﾚﾝ(ｸﾛｽ)ﾎﾟﾘｴｽﾃﾙ･ﾅｲﾛﾝ,2/80,,,,,,,,,,,,,,,,,,,,,
,A291OV,PACO ﾒｶﾞﾈｹｰｽ,ｵｰﾊﾞﾙﾄﾞｯﾄ,,"¥1,500",KOREA,4516344086458,30,W160×D62×H40,,(ｹｰｽ)ﾎﾟﾘｴｽﾃﾙ･ﾅｲﾛﾝ･ｽﾁｰﾙ･ﾎﾟﾘｽﾁﾚﾝ(ｸﾛｽ)ﾎﾟﾘｴｽﾃﾙ･ﾅｲﾛﾝ,2/80,,,,,,,,,,,,,,,,,,,,,
,A293BO,HELLO BEAR ﾀｵﾙﾊﾝｶﾁ,ﾎﾞﾀﾆｶﾙ,,¥500,JAPAN,4516344086526,29,約250×250,,ｺｯﾄﾝ100%,3/540,,,,,,,,,,,,,,,,,,,,,
,A293BU,HELLO BEAR ﾀｵﾙﾊﾝｶﾁ,ﾌﾞｰｹ,,¥500,JAPAN,4516344088711,29,約250×250,,ｺｯﾄﾝ100%,3/540,,,,,,,,,,,,,,,,,,,,,
,A293CH,HELLO BEAR ﾀｵﾙﾊﾝｶﾁ,ﾁｪﾘｰ,,¥500,JAPAN,4516344086533,29,約250×250,,ｺｯﾄﾝ100%,3/540,,,,,,,,,,,,,,,,,,,,,
,A293FI,HELLO BEAR ﾀｵﾙﾊﾝｶﾁ,ﾌｨｯｼｭ,,¥500,JAPAN,4516344087301,29,約250×250,,ｺｯﾄﾝ100%,3/540,,,,,,,,,,,,,,,,,,,,,
,A293FO,HELLO BEAR ﾀｵﾙﾊﾝｶﾁ,ﾌｫﾚｽﾄ,,¥500,JAPAN,4516344086540,29,約250×250,,ｺｯﾄﾝ100%,3/540,,,,,,,,,,,,,,,,,,,,,
,A293FU,HELLO BEAR ﾀｵﾙﾊﾝｶﾁ,ﾌﾗﾜｰ,,¥500,JAPAN,4516344086557,29,約250×250,,ｺｯﾄﾝ100%,3/540,,,,,,,,,,,,,,,,,,,,,
,A293GU,HELLO BEAR ﾀｵﾙﾊﾝｶﾁ,ｸﾞﾚｰﾌﾟ,,¥500,JAPAN,4516344087318,29,約250×250,,ｺｯﾄﾝ100%,3/540,,,,,,,,,,,,,,,,,,,,,
,A293HI,HELLO BEAR ﾀｵﾙﾊﾝｶﾁ,ｼｰﾌﾟ,,¥500,JAPAN,4516344086564,29,約250×250,,ｺｯﾄﾝ100%,3/540,,,,,,,,,,,,,,,,,,,,,
,A293IC,HELLO BEAR ﾀｵﾙﾊﾝｶﾁ,ｲﾁｺﾞ,,¥500,JAPAN,4516344088681,29,約250×250,,ｺｯﾄﾝ100%,3/540,,,,,,,,,,,,,,,,,,,,,
,A293OR,HELLO BEAR ﾀｵﾙﾊﾝｶﾁ,ｵﾚﾝｼﾞ,,¥500,JAPAN,4516344087325,29,約250×250,,ｺｯﾄﾝ100%,3/540,,,,,,,,,,,,,,,,,,,,,
,A293PF,HELLO BEAR ﾀｵﾙﾊﾝｶﾁ,ﾋﾟﾝｸﾌﾗﾜｰ,,¥500,JAPAN,4516344087332,29,約250×250,,ｺｯﾄﾝ100%,3/540,,,,,,,,,,,,,,,,,,,,,
,A293RA,HELLO BEAR ﾀｵﾙﾊﾝｶﾁ,ﾗﾋﾞｯﾄ,,¥500,JAPAN,4516344086571,29,約250×250,,ｺｯﾄﾝ100%,3/540,,,,,,,,,,,,,,,,,,,,,
,A293RI,HELLO BEAR ﾀｵﾙﾊﾝｶﾁ,ﾘﾎﾞﾝ,,¥500,JAPAN,4516344088698,29,約250×250,,ｺｯﾄﾝ100%,3/540,,,,,,,,,,,,,,,,,,,,,
,A293SU,HELLO BEAR ﾀｵﾙﾊﾝｶﾁ,ｽﾀｰ,,¥500,JAPAN,4516344086588,29,約250×250,,ｺｯﾄﾝ100%,3/540,,,,,,,,,,,,,,,,,,,,,
,A293SW,HELLO BEAR ﾀｵﾙﾊﾝｶﾁ,ｽﾜﾝ,,¥500,JAPAN,4516344086595,29,約250×250,,ｺｯﾄﾝ100%,3/540,,,,,,,,,,,,,,,,,,,,,
,A293WF,HELLO BEAR ﾀｵﾙﾊﾝｶﾁ,ﾎﾜｲﾄﾌﾗﾜｰ,,¥500,JAPAN,4516344088704,29,約250×250,,ｺｯﾄﾝ100%,3/540,,,,,,,,,,,,,,,,,,,,,
,A303GR,BonBon ｳｰﾙｺｰｽﾀｰ ｽｸｴｱ,GREEN,,¥600,NEPAL,4516344086991,12,約100×100,,ｳｰﾙ100%,5,,,,,,,,,,,,,,,,,,,,,
,A303NV,BonBon ｳｰﾙｺｰｽﾀｰ ｽｸｴｱ,NAVY,,¥600,NEPAL,4516344087004,12,約100×100,,ｳｰﾙ100%,5,,,,,,,,,,,,,,,,,,,,,
,A305GR,monte ｳｰﾙﾐﾄﾝ SET2,GREEN,,"¥1,600",NEPAL,4516344087035,12,1PC 約Φ110×H100 ,,(本体)ｳｰﾙ100%･(ﾋﾓ)合成皮革,1,,,,,,,,,,,,,,,,,,,,,
,A305YE,monte ｳｰﾙﾐﾄﾝ SET2,YELLOW,,"¥1,600",NEPAL,4516344087059,12,1PC 約Φ110×H100 ,,(本体)ｳｰﾙ100%･(ﾋﾓ)合成皮革,1,,,,,,,,,,,,,,,,,,,,,
,A306BE,ﾙｰﾑｼｭｰｽﾞ JILL ｺｰﾃﾞｭﾛｲ ﾚﾃﾞｨｰｽ,BEIGE,,"¥2,000",CHINA,4516344087066,23,ﾚﾃﾞｨｰｽﾌﾘｰｻｲｽﾞ,,ﾎﾟﾘｴｽﾃﾙ･ﾅｲﾛﾝ･ｳｰﾙ･ｳﾚﾀﾝ,2/36,,,,,,,,,,,,,,,,,,,,,
,A306LG,ﾙｰﾑｼｭｰｽﾞ JILL ｺｰﾃﾞｭﾛｲ ﾚﾃﾞｨｰｽ,LIGHT GREEN,,"¥2,000",CHINA,4516344087073,23,ﾚﾃﾞｨｰｽﾌﾘｰｻｲｽﾞ,,ﾎﾟﾘｴｽﾃﾙ･ﾅｲﾛﾝ･ｳｰﾙ･ｳﾚﾀﾝ,2/36,,,,,,,,,,,,,,,,,,,,,
,A306RD,ﾙｰﾑｼｭｰｽﾞ JILL ｺｰﾃﾞｭﾛｲ ﾚﾃﾞｨｰｽ,RED,,"¥2,000",CHINA,4516344087080,23,ﾚﾃﾞｨｰｽﾌﾘｰｻｲｽﾞ,,ﾎﾟﾘｴｽﾃﾙ･ﾅｲﾛﾝ･ｳｰﾙ･ｳﾚﾀﾝ,2/36,,,,,,,,,,,,,,,,,,,,,
,A307BL,ﾙｰﾑｼｭｰｽﾞ JILL ｺｰﾃﾞｭﾛｲ ﾒﾝｽﾞ,BLUE,,"¥2,200",CHINA,4516344087097,23,ﾒﾝｽﾞﾌﾘｰｻｲｽﾞ,,ﾎﾟﾘｴｽﾃﾙ･ﾅｲﾛﾝ･ｳｰﾙ･ｳﾚﾀﾝ,2/36,,,,,,,,,,,,,,,,,,,,,
,A307BR,ﾙｰﾑｼｭｰｽﾞ JILL ｺｰﾃﾞｭﾛｲ ﾒﾝｽﾞ,BROWN,,"¥2,200",CHINA,4516344087103,23,ﾒﾝｽﾞﾌﾘｰｻｲｽﾞ,,ﾎﾟﾘｴｽﾃﾙ･ﾅｲﾛﾝ･ｳｰﾙ･ｳﾚﾀﾝ,2/36,,,,,,,,,,,,,,,,,,,,,
,A307GR,ﾙｰﾑｼｭｰｽﾞ JILL ｺｰﾃﾞｭﾛｲ ﾒﾝｽﾞ,GREEN,,"¥2,200",CHINA,4516344087110,23,ﾒﾝｽﾞﾌﾘｰｻｲｽﾞ,,ﾎﾟﾘｴｽﾃﾙ･ﾅｲﾛﾝ･ｳｰﾙ･ｳﾚﾀﾝ,2/36,,,,,,,,,,,,,,,,,,,,,
,A316BK,WASHERS ﾀｰﾎﾟﾘﾝﾊﾞｹﾂ,BLACK,,"¥1,800",CHINA,4516344087387,24,Φ250×H265,13l,PVC･ﾎﾟﾘﾌﾟﾛﾋﾟﾚﾝ･ﾎﾟﾘｴﾁﾚﾝ,1/40,,,,,,,,,,,,,,,,,,,,,
,A316WH,WASHERS ﾀｰﾎﾟﾘﾝﾊﾞｹﾂ,WHITE,,"¥1,800",CHINA,4516344087394,24,Φ250×H265,13l,PVC･ﾎﾟﾘﾌﾟﾛﾋﾟﾚﾝ･ﾎﾟﾘｴﾁﾚﾝ,1/40,,,,,,,,,,,,,,,,,,,,,
,A317BK,WASHERS ﾀｰﾎﾟﾘﾝﾊﾞｽｹｯﾄ,BLACK,,"¥1,800",CHINA,4516344087400,24,W280×D280×H170,13l,PVC･ﾎﾟﾘﾌﾟﾛﾋﾟﾚﾝ･ﾎﾟﾘｴﾁﾚﾝ,1/40,,,,,,,,,,,,,,,,,,,,,
,A317WH,WASHERS ﾀｰﾎﾟﾘﾝﾊﾞｽｹｯﾄ,WHITE,,"¥1,800",CHINA,4516344087417,24,W280×D280×H170,13l,PVC･ﾎﾟﾘﾌﾟﾛﾋﾟﾚﾝ･ﾎﾟﾘｴﾁﾚﾝ,1/40,,,,,,,,,,,,,,,,,,,,,
,A318,NEEDLEWORK ｳｯﾄﾞｿｰｲﾝｸﾞﾎﾞｯｸｽ(L),,,"¥2,800",CHINA,4516344087424,31,W210×D160×H95,,ｳｯﾄﾞ,1/24,,,,,,,,,,,,,,,,,,,,,
,A319,NEEDLEWORK ｳｯﾄﾞｿｰｲﾝｸﾞﾎﾞｯｸｽ(M),,,"¥2,400",CHINA,4516344087431,31,W175×D140×H95,,ｳｯﾄﾞ,1/36,,,,,,,,,,,,,,,,,,,,,
,A320,NEEDLEWORK ｳｯﾄﾞｿｰｲﾝｸﾞﾎﾞｯｸｽ(S),,,"¥2,100",CHINA,4516344087448,31,W140×D140×H95,,ｳｯﾄﾞ,1/36,,,,,,,,,,,,,,,,,,,,,
,A321BE,SMITH-BRINDLE ﾁﾙﾄﾞﾊﾞｯｸﾞ(L),BEIGE,,"¥3,400",CHINA,4516344087455,19,W300×D200×H320,,ﾎﾟﾘｴｽﾃﾙ･ｱﾙﾐ･ﾎﾟﾘｳﾚﾀﾝ,1/30,,,,,,,,,,,,,,,,,,,,,
,A321BL,SMITH-BRINDLE ﾁﾙﾄﾞﾊﾞｯｸﾞ(L),BLUE,,"¥3,400",CHINA,4516344087462,19,W300×D200×H320,,ﾎﾟﾘｴｽﾃﾙ･ｱﾙﾐ･ﾎﾟﾘｳﾚﾀﾝ,1/30,,,,,,,,,,,,,,,,,,,,,
,A321GY,SMITH-BRINDLE ﾁﾙﾄﾞﾊﾞｯｸﾞ(L),GRAY,,"¥3,400",CHINA,4516344087479,19,W300×D200×H320,,ﾎﾟﾘｴｽﾃﾙ･ｱﾙﾐ･ﾎﾟﾘｳﾚﾀﾝ,1/30,,,,,,,,,,,,,,,,,,,,,
,A322BE,SMITH-BRINDLE ﾁﾙﾄﾞﾊﾞｯｸﾞ(S),BEIGE,,"¥1,900",CHINA,4516344087486,19,W200×D130×H210,,ﾎﾟﾘｴｽﾃﾙ･ｱﾙﾐ･ﾎﾟﾘｳﾚﾀﾝ,1/60,,,,,,,,,,,,,,,,,,,,,
,A322BL,SMITH-BRINDLE ﾁﾙﾄﾞﾊﾞｯｸﾞ(S),BLUE,,"¥1,900",CHINA,4516344087493,19,W200×D130×H210,,ﾎﾟﾘｴｽﾃﾙ･ｱﾙﾐ･ﾎﾟﾘｳﾚﾀﾝ,1/60,,,,,,,,,,,,,,,,,,,,,
,A322GY,SMITH-BRINDLE ﾁﾙﾄﾞﾊﾞｯｸﾞ(S),GRAY,,"¥1,900",CHINA,4516344087509,19,W200×D130×H210,,ﾎﾟﾘｴｽﾃﾙ･ｱﾙﾐ･ﾎﾟﾘｳﾚﾀﾝ,1/60,,,,,,,,,,,,,,,,,,,,,
,A323GW,blooming ﾒｶﾞﾈｹｰｽ,ｸﾞﾘｰﾝﾎﾜｲﾄ,,"¥1,500",KOREA,4516344087516,30,W160×D62×H40,,(ｹｰｽ)ﾎﾟﾘｴｽﾃﾙ･ﾅｲﾛﾝ･ｽﾁｰﾙ･ﾎﾟﾘｽﾁﾚﾝ(ｸﾛｽ)ﾎﾟﾘｴｽﾃﾙ･ﾅｲﾛﾝ,2/80,,,,,,,,,,,,,,,,,,,,,
,A323PB,blooming ﾒｶﾞﾈｹｰｽ,ﾊﾟｰﾌﾟﾙﾌﾞﾙｰ,,"¥1,500",KOREA,4516344087530,30,W160×D62×H40,,(ｹｰｽ)ﾎﾟﾘｴｽﾃﾙ･ﾅｲﾛﾝ･ｽﾁｰﾙ･ﾎﾟﾘｽﾁﾚﾝ(ｸﾛｽ)ﾎﾟﾘｴｽﾃﾙ･ﾅｲﾛﾝ,2/80,,,,,,,,,,,,,,,,,,,,,
,A323PY,blooming ﾒｶﾞﾈｹｰｽ,ﾋﾟﾝｸｲｴﾛｰ,,"¥1,500",KOREA,4516344087523,30,W160×D62×H40,,(ｹｰｽ)ﾎﾟﾘｴｽﾃﾙ･ﾅｲﾛﾝ･ｽﾁｰﾙ･ﾎﾟﾘｽﾁﾚﾝ(ｸﾛｽ)ﾎﾟﾘｴｽﾃﾙ･ﾅｲﾛﾝ,2/80,,,,,,,,,,,,,,,,,,,,,
,A323RO,blooming ﾒｶﾞﾈｹｰｽ,ﾚｯﾄﾞｵﾚﾝｼﾞ,,"¥1,500",KOREA,4516344087547,30,W160×D62×H40,,(ｹｰｽ)ﾎﾟﾘｴｽﾃﾙ･ﾅｲﾛﾝ･ｽﾁｰﾙ･ﾎﾟﾘｽﾁﾚﾝ(ｸﾛｽ)ﾎﾟﾘｴｽﾃﾙ･ﾅｲﾛﾝ,2/80,,,,,,,,,,,,,,,,,,,,,
,A326BE,ALWAYS ﾃｨｯｼｭﾎﾞｯｸｽｹｰｽ ｿﾘｯﾄﾞ,BEIGE,,"¥1,600",CHINA,4516344087653,5,W290×D80×H250,,ﾎﾟﾘｴｽﾃﾙ,1/100,,W120×D230×H50までのﾎﾞｯｸｽﾃｨｯｼｭ対応,,,,,,,,,,,,,,,,,,,
,A326KH,ALWAYS ﾃｨｯｼｭﾎﾞｯｸｽｹｰｽ ｿﾘｯﾄﾞ,KHAKI,,"¥1,600",CHINA,4516344087660,5,W290×D80×H250,,ﾎﾟﾘｴｽﾃﾙ,1/100,,W120×D230×H50までのﾎﾞｯｸｽﾃｨｯｼｭ対応,,,,,,,,,,,,,,,,,,,
,A326RD,ALWAYS ﾃｨｯｼｭﾎﾞｯｸｽｹｰｽ ｿﾘｯﾄﾞ,RED,,"¥1,600",CHINA,4516344087677,5,W290×D80×H250,,ﾎﾟﾘｴｽﾃﾙ,1/100,,W120×D230×H50までのﾎﾞｯｸｽﾃｨｯｼｭ対応,,,,,,,,,,,,,,,,,,,
,A327BK,Labas ﾊﾞﾌﾞｰｼｭ ｽﾘｯﾊﾟ ﾚﾃﾞｨｰｽ,BLACK,,"¥1,800",CHINA,4516344087684,23,ﾚﾃﾞｨｰｽﾌﾘｰｻｲｽﾞ(約23.0〜24.5cm),,PUﾚｻﾞｰ,2/24,,,,,,,,,,,,,,,,,,,,,
,A327BL,Labas ﾊﾞﾌﾞｰｼｭ ｽﾘｯﾊﾟ ﾚﾃﾞｨｰｽ,BLUE,,"¥1,800",CHINA,4516344087691,23,ﾚﾃﾞｨｰｽﾌﾘｰｻｲｽﾞ(約23.0〜24.5cm),,PUﾚｻﾞｰ,2/24,,,,,,,,,,,,,,,,,,,,,
,A327CA,Labas ﾊﾞﾌﾞｰｼｭ ｽﾘｯﾊﾟ ﾚﾃﾞｨｰｽ,CAMEL,,"¥1,800",CHINA,4516344087707,23,ﾚﾃﾞｨｰｽﾌﾘｰｻｲｽﾞ(約23.0〜24.5cm),,PUﾚｻﾞｰ,2/24,,,,,,,,,,,,,,,,,,,,,
,A327GY,Labas ﾊﾞﾌﾞｰｼｭ ｽﾘｯﾊﾟ ﾚﾃﾞｨｰｽ,GRAY,,"¥1,800",CHINA,4516344087714,23,ﾚﾃﾞｨｰｽﾌﾘｰｻｲｽﾞ(約23.0〜24.5cm),,PUﾚｻﾞｰ,2/24,,,,,,,,,,,,,,,,,,,,,
,A327RD,Labas ﾊﾞﾌﾞｰｼｭ ｽﾘｯﾊﾟ ﾚﾃﾞｨｰｽ,RED,,"¥1,800",CHINA,4516344087721,23,ﾚﾃﾞｨｰｽﾌﾘｰｻｲｽﾞ(約23.0〜24.5cm),,PUﾚｻﾞｰ,2/24,,,,,,,,,,,,,,,,,,,,,
,A327WH,Labas ﾊﾞﾌﾞｰｼｭ ｽﾘｯﾊﾟ ﾚﾃﾞｨｰｽ,WHITE,,"¥1,800",CHINA,4516344087738,23,ﾚﾃﾞｨｰｽﾌﾘｰｻｲｽﾞ(約23.0〜24.5cm),,PUﾚｻﾞｰ,2/24,,,,,,,,,,,,,,,,,,,,,
,A329GY,EXPEDITION ﾌﾞﾗﾝｹｯﾄ ﾌｫﾚｽﾄ,GRAY,,"¥1,800",CHINA,4516344087769,5,700×1000,,ﾎﾟﾘｴｽﾃﾙ,1/24,,,,,,,,,,,,,,,,,,,,,
,A329NV,EXPEDITION ﾌﾞﾗﾝｹｯﾄ ﾌｫﾚｽﾄ,NAVY,,"¥1,800",CHINA,4516344087776,5,700×1000,,ﾎﾟﾘｴｽﾃﾙ,1/24,,,,,,,,,,,,,,,,,,,,,
,A331GY,EXPEDITION ﾌﾞﾗﾝｹｯﾄ ｵﾙﾃｶﾞ,GRAY,,"¥1,800",CHINA,4516344087806,5,700×1000,,ﾎﾟﾘｴｽﾃﾙ,1/24,,,,,,,,,,,,,,,,,,,,,
,A331NV,EXPEDITION ﾌﾞﾗﾝｹｯﾄ ｵﾙﾃｶﾞ,NAVY,,"¥1,800",CHINA,4516344087813,5,700×1000,,ﾎﾟﾘｴｽﾃﾙ,1/24,,,,,,,,,,,,,,,,,,,,,
,A336BL,Laid-Back ｷﾙﾃｨﾝｸﾞ ﾚｼﾞｬｰｼｰﾄ(S),BLUE,,"¥2,900",CHINA,4516344088018,7,1000×1400,,ﾎﾟﾘｴｽﾃﾙ,1/24,,丸洗い可能(洗濯機不可),,,,,,,,,,,,,,,,,,,
,A336GR,Laid-Back ｷﾙﾃｨﾝｸﾞ ﾚｼﾞｬｰｼｰﾄ(S),GREEN,,"¥2,900",CHINA,4516344088025,7,1000×1400,,ﾎﾟﾘｴｽﾃﾙ,1/24,,丸洗い可能(洗濯機不可),,,,,,,,,,,,,,,,,,,
,A336RD,Laid-Back ｷﾙﾃｨﾝｸﾞ ﾚｼﾞｬｰｼｰﾄ(S),RED,,"¥2,900",CHINA,4516344088001,7,1000×1400,,ﾎﾟﾘｴｽﾃﾙ,1/24,,丸洗い可能(洗濯機不可),,,,,,,,,,,,,,,,,,,
,A337BL,Laid-Back ｷﾙﾃｨﾝｸﾞ ﾚｼﾞｬｰｼｰﾄ(L),BLUE,,"¥3,900",CHINA,4516344088049,7,1400×1800,,ﾎﾟﾘｴｽﾃﾙ,1/20,,丸洗い可能(洗濯機不可),,,,,,,,,,,,,,,,,,,
,A337GR,Laid-Back ｷﾙﾃｨﾝｸﾞ ﾚｼﾞｬｰｼｰﾄ(L),GREEN,,"¥3,900",CHINA,4516344088056,7,1400×1800,,ﾎﾟﾘｴｽﾃﾙ,1/20,,丸洗い可能(洗濯機不可),,,,,,,,,,,,,,,,,,,
,A337RD,Laid-Back ｷﾙﾃｨﾝｸﾞ ﾚｼﾞｬｰｼｰﾄ(L),RED,,"¥3,900",CHINA,4516344088032,7,1400×1800,,ﾎﾟﾘｴｽﾃﾙ,1/20,,丸洗い可能(洗濯機不可),,,,,,,,,,,,,,,,,,,
,A340RD,Friends ﾚｼﾞｬｰﾊﾞｯｸﾞ,RED,,"¥3,600",CHINA,4516344088124,7,W370×D190×H260,約16l,ﾎﾟﾘｴｽﾃﾙ,1/30,,(底板付き),,,,,,,,,,,,,,,,,,,
,A340SD,Friends ﾚｼﾞｬｰﾊﾞｯｸﾞ,SAND,,"¥3,600",CHINA,4516344088148,7,W370×D190×H260,約16l,ﾎﾟﾘｴｽﾃﾙ,1/30,,(底板付き),,,,,,,,,,,,,,,,,,,
,A340TQ,Friends ﾚｼﾞｬｰﾊﾞｯｸﾞ,TURQUOISE,,"¥3,600",CHINA,4516344088131,7,W370×D190×H260,約16l,ﾎﾟﾘｴｽﾃﾙ,1/30,,(底板付き),,,,,,,,,,,,,,,,,,,
,A344BE,SMITH-BRINDLE ｼﾞｭｰﾄ風ﾗﾝﾁﾊﾞｯｸﾞ,BEIGE,,"¥1,900",CHINA,4516344088247,19,W270×D120×H220,約4l,ﾎﾟﾘｴｽﾃﾙ,1/50,(5kg),,,,,,,,,,,,,,,,,,,,
,A344BL,SMITH-BRINDLE ｼﾞｭｰﾄ風ﾗﾝﾁﾊﾞｯｸﾞ,BLUE,,"¥1,900",CHINA,4516344088254,19,W270×D120×H220,約4l,ﾎﾟﾘｴｽﾃﾙ,1/50,(5kg),,,,,,,,,,,,,,,,,,,,
,A344GY,SMITH-BRINDLE ｼﾞｭｰﾄ風ﾗﾝﾁﾊﾞｯｸﾞ,GRAY,,"¥1,900",CHINA,4516344088261,19,W270×D120×H220,約4L,ﾎﾟﾘｴｽﾃﾙ,1/50,(5kg),,,,,,,,,,,,,,,,,,,,
,A345BE,SMITH-BRINDLE ｼﾞｭｰﾄ風ｼｮｯﾋﾟﾝｸﾞﾊﾞｯｸﾞ,BEIGE,,"¥2,900",CHINA,4516344088278,19,W405×D180×H355,約17l,ﾎﾟﾘｴｽﾃﾙ,1/24,(12kg),(底板付き),,,,,,,,,,,,,,,,,,,
,A345BL,SMITH-BRINDLE ｼﾞｭｰﾄ風ｼｮｯﾋﾟﾝｸﾞﾊﾞｯｸﾞ,BLUE,,"¥2,900",CHINA,4516344088285,19,W405×D180×H355,約17l,ﾎﾟﾘｴｽﾃﾙ,1/24,(12kg),(底板付き),,,,,,,,,,,,,,,,,,,
,A345GY,SMITH-BRINDLE ｼﾞｭｰﾄ風ｼｮｯﾋﾟﾝｸﾞﾊﾞｯｸﾞ,GRAY,,"¥2,900",CHINA,4516344088292,19,W405×D180×H355,約17l,ﾎﾟﾘｴｽﾃﾙ,1/24,(12kg),(底板付き),,,,,,,,,,,,,,,,,,,
,A346AP,Folks ﾚｼﾞ袋ｽﾄｯｶｰ,ｱｯﾌﾟﾙ,,"¥1,600",CHINA,4516344088322,17,W210×D100×H340,,ﾎﾟﾘｴｽﾃﾙ,1/120,,,,,,,,,,,,,,,,,,,,,
,A346BM,Folks ﾚｼﾞ袋ｽﾄｯｶｰ,ﾌﾞﾙｰﾐｯｸｽ,,"¥1,600",CHINA,4516344088315,17,W210×D100×H340,,ﾎﾟﾘｴｽﾃﾙ,1/120,,,,,,,,,,,,,,,,,,,,,
,A346BO,Folks ﾚｼﾞ袋ｽﾄｯｶｰ,ﾎﾞｯｸｽﾁｪｯｸ,,"¥1,600",CHINA,4516344088308,17,W210×D100×H340,,ﾎﾟﾘｴｽﾃﾙ,1/120,,,,,,,,,,,,,,,,,,,,,
,A346LF,Folks ﾚｼﾞ袋ｽﾄｯｶｰ,ﾘｰﾌﾌﾗﾜｰ,,"¥1,600",CHINA,4516344088339,17,W210×D100×H340,,ﾎﾟﾘｴｽﾃﾙ,1/120,,,,,,,,,,,,,,,,,,,,,
,A347AP,Folks ｳｫｰﾙﾎﾟｹｯﾄ,ｱｯﾌﾟﾙ,,"¥2,400",CHINA,4516344088360,17,W360×H595,,ﾎﾟﾘｴｽﾃﾙ,1/60,,,,,,,,,,,,,,,,,,,,,
,A347BM,Folks ｳｫｰﾙﾎﾟｹｯﾄ,ﾌﾞﾙｰﾐｯｸｽ,,"¥2,400",CHINA,4516344088353,17,W360×H595,,ﾎﾟﾘｴｽﾃﾙ,1/60,,,,,,,,,,,,,,,,,,,,,
,A347BO,Folks ｳｫｰﾙﾎﾟｹｯﾄ,ﾎﾞｯｸｽﾁｪｯｸ,,"¥2,400",CHINA,4516344088346,17,W360×H595,,ﾎﾟﾘｴｽﾃﾙ,1/60,,,,,,,,,,,,,,,,,,,,,
,A347LF,Folks ｳｫｰﾙﾎﾟｹｯﾄ,ﾘｰﾌﾌﾗﾜｰ,,"¥2,400",CHINA,4516344088377,17,W360×H595,,ﾎﾟﾘｴｽﾃﾙ,1/60,,,,,,,,,,,,,,,,,,,,,
,A348BL,LOOSE STYLE ﾀｵﾙｽﾘｯﾊﾟ ﾚﾃﾞｨｰｽ,BLUE,,"¥1,800",CHINA,4516344088391,27,ﾚﾃﾞｨｰｽﾌﾘｰｻｲｽﾞ(約23.0〜24.5cm),,ｺｯﾄﾝ,2/36,,洗濯可能,,,,,,,,,,,,,,,,,,,
,A348BR,LOOSE STYLE ﾀｵﾙｽﾘｯﾊﾟ ﾚﾃﾞｨｰｽ,BROWN,,"¥1,800",CHINA,4516344088407,27,ﾚﾃﾞｨｰｽﾌﾘｰｻｲｽﾞ(約23.0〜24.5cm),,ｺｯﾄﾝ,2/36,,洗濯可能,,,,,,,,,,,,,,,,,,,
,A348GY,LOOSE STYLE ﾀｵﾙｽﾘｯﾊﾟ ﾚﾃﾞｨｰｽ,GRAY,,"¥1,800",CHINA,4516344088384,27,ﾚﾃﾞｨｰｽﾌﾘｰｻｲｽﾞ(約23.0〜24.5cm),,ｺｯﾄﾝ,2/36,,洗濯可能,,,,,,,,,,,,,,,,,,,
,A348NV,LOOSE STYLE ﾀｵﾙｽﾘｯﾊﾟ ﾚﾃﾞｨｰｽ,NAVY,,"¥1,800",CHINA,4516344088414,27,ﾚﾃﾞｨｰｽﾌﾘｰｻｲｽﾞ(約23.0〜24.5cm),,ｺｯﾄﾝ,2/36,,洗濯可能,,,,,,,,,,,,,,,,,,,
,A349BL,LOOSE STYLE ﾀｵﾙｽﾘｯﾊﾟ ﾒﾝｽﾞ,BLUE,,"¥1,900",CHINA,4516344088438,27,ﾒﾝｽﾞﾌﾘｰｻｲｽﾞ(約25.0〜26.5cm),,ｺｯﾄﾝ,2/36,,洗濯可能,,,,,,,,,,,,,,,,,,,
,A349BR,LOOSE STYLE ﾀｵﾙｽﾘｯﾊﾟ ﾒﾝｽﾞ,BROWN,,"¥1,900",CHINA,4516344088445,27,ﾒﾝｽﾞﾌﾘｰｻｲｽﾞ(約25.0〜26.5cm),,ｺｯﾄﾝ,2/36,,洗濯可能,,,,,,,,,,,,,,,,,,,
,A349GY,LOOSE STYLE ﾀｵﾙｽﾘｯﾊﾟ ﾒﾝｽﾞ,GRAY,,"¥1,900",CHINA,4516344088421,27,ﾒﾝｽﾞﾌﾘｰｻｲｽﾞ(約25.0〜26.5cm),,ｺｯﾄﾝ,2/36,,洗濯可能,,,,,,,,,,,,,,,,,,,
,A349NV,LOOSE STYLE ﾀｵﾙｽﾘｯﾊﾟ ﾒﾝｽﾞ,NAVY,,"¥1,900",CHINA,4516344088452,27,ﾒﾝｽﾞﾌﾘｰｻｲｽﾞ(約25.0〜26.5cm),,ｺｯﾄﾝ,2/36,,洗濯可能,,,,,,,,,,,,,,,,,,,
,A350BR,WICKER BASKET(S),BROWN,,"¥1,400",CHINA,4516344088469,16,W260×D190×H140,,ﾎﾟﾘﾌﾟﾛﾋﾟﾚﾝ･ｽﾁｰﾙ,1/24,4kg,,,,,,,,,,,,,,,,,,,,
,A350NT,WICKER BASKET(S),NATURAL,,"¥1,400",CHINA,4516344088476,16,W260×D190×H140,,ﾎﾟﾘﾌﾟﾛﾋﾟﾚﾝ･ｽﾁｰﾙ,1/24,4kg,,,,,,,,,,,,,,,,,,,,
,A351BR,WICKER BASKET(L),BROWN,,"¥2,400",CHINA,4516344088483,16,W360×D260×H200,,ﾎﾟﾘﾌﾟﾛﾋﾟﾚﾝ･ｽﾁｰﾙ,1/12,7kg,,,,,,,,,,,,,,,,,,,,
,A351NT,WICKER BASKET(L),NATURAL,,"¥2,400",CHINA,4516344088490,16,W360×D260×H200,,ﾎﾟﾘﾌﾟﾛﾋﾟﾚﾝ･ｽﾁｰﾙ,1/12,7kg,,,,,,,,,,,,,,,,,,,,
,A352BR,WICKER BASKET ﾌﾗｯﾄ,BROWN,,"¥1,900",CHINA,4516344088506,16,W360×D260×H100,,ﾎﾟﾘﾌﾟﾛﾋﾟﾚﾝ･ｽﾁｰﾙ,1/28,7kg,,,,,,,,,,,,,,,,,,,,
,A352NT,WICKER BASKET ﾌﾗｯﾄ,NATURAL,,"¥1,900",CHINA,4516344088513,16,W360×D260×H100,,ﾎﾟﾘﾌﾟﾛﾋﾟﾚﾝ･ｽﾁｰﾙ,1/28,7kg,,,,,,,,,,,,,,,,,,,,
,A353BR,WICKER BASKET ｼｪﾙﾌ(S),BROWN,,"¥1,600",CHINA,4516344088520,16,W260×D190×H140,,ﾎﾟﾘﾌﾟﾛﾋﾟﾚﾝ･ｽﾁｰﾙ,1/24,4kg,,,,,,,,,,,,,,,,,,,,
,A353NT,WICKER BASKET ｼｪﾙﾌ(S),NATURAL,,"¥1,600",CHINA,4516344088537,16,W260×D190×H140,,ﾎﾟﾘﾌﾟﾛﾋﾟﾚﾝ･ｽﾁｰﾙ,1/24,4kg,,,,,,,,,,,,,,,,,,,,
,A354BR,WICKER BASKET ｼｪﾙﾌ(L),BROWN,,"¥2,600",CHINA,4516344088544,16,W360×D260×H200,,ﾎﾟﾘﾌﾟﾛﾋﾟﾚﾝ･ｽﾁｰﾙ,1/12,7kg,,,,,,,,,,,,,,,,,,,,
,A354NT,WICKER BASKET ｼｪﾙﾌ(L),NATURAL,,"¥2,600",CHINA,4516344088551,16,W360×D260×H200,,ﾎﾟﾘﾌﾟﾛﾋﾟﾚﾝ･ｽﾁｰﾙ,1/12,7kg,,,,,,,,,,,,,,,,,,,,
,A355BL,Olivia ﾗﾝﾁｸﾛｽ ﾊﾟﾀｰﾝ,BLUE,,"¥1,400",CHINA,4516344088575,10,440×440,,ﾎﾟﾘｴｽﾃﾙ,2/120,,,,,,,,,,,,,,,,,,,,,
◯,A355BR,Olivia ﾗﾝﾁｸﾛｽ ﾊﾟﾀｰﾝ,BROWN,,"¥1,400",CHINA,4516344088964,10,440×440,,ﾎﾟﾘｴｽﾃﾙ,2/120,,,9/中,,,,,,,,,,,,,,,,,,
◯,A355DGR,Olivia ﾗﾝﾁｸﾛｽ ﾊﾟﾀｰﾝ,DARK GREEN,,"¥1,400",CHINA,4516344088971,10,440×440,,ﾎﾟﾘｴｽﾃﾙ,2/120,,,9/中,,,,,,,,,,,,,,,,,,
,A355GR,Olivia ﾗﾝﾁｸﾛｽ ﾊﾟﾀｰﾝ,GREEN,,"¥1,400",CHINA,4516344088568,10,440×440,,ﾎﾟﾘｴｽﾃﾙ,2/120,,,,,,,,,,,,,,,,,,,,,
◯,A355NV,Olivia ﾗﾝﾁｸﾛｽ ﾊﾟﾀｰﾝ,NAVY,,"¥1,400",CHINA,4516344088988,10,440×440,,ﾎﾟﾘｴｽﾃﾙ,2/120,,,9/中,,,,,,,,,,,,,,,,,,
,A355RD,Olivia ﾗﾝﾁｸﾛｽ ﾊﾟﾀｰﾝ,RED,,"¥1,400",CHINA,4516344088582,10,440×440,,ﾎﾟﾘｴｽﾃﾙ,2/120,,,,,,,,,,,,,,,,,,,,,
,A355YE,Olivia ﾗﾝﾁｸﾛｽ ﾊﾟﾀｰﾝ,YELLOW,,"¥1,400",CHINA,4516344088599,10,440×440,,ﾎﾟﾘｴｽﾃﾙ,2/120,,,,,,,,,,,,,,,,,,,,,
,A356BL,Olivia ﾗﾝﾁﾊﾞｯｸﾞ ﾊﾟﾀｰﾝ,BLUE,,"¥1,800",CHINA,4516344088612,11,W280×D100×H210,,ﾎﾟﾘｴｽﾃﾙ,2/120,,,,,,,,,,,,,,,,,,,,,
◯,A356BR,Olivia ﾗﾝﾁﾊﾞｯｸﾞ ﾊﾟﾀｰﾝ,BROWN,,"¥1,800",CHINA,4516344088995,11,W280×D100×H210,,ﾎﾟﾘｴｽﾃﾙ,2/100,,,9/中,,,,,,,,,,,,,,,,,,
◯,A356DGR,Olivia ﾗﾝﾁﾊﾞｯｸﾞ ﾊﾟﾀｰﾝ,DARK GREEN,,"¥1,800",CHINA,4516344089008,11,W280×D100×H210,,ﾎﾟﾘｴｽﾃﾙ,2/100,,,9/中,,,,,,,,,,,,,,,,,,
,A356GR,Olivia ﾗﾝﾁﾊﾞｯｸﾞ ﾊﾟﾀｰﾝ,GREEN,,"¥1,800",CHINA,4516344088605,11,W280×D100×H210,,ﾎﾟﾘｴｽﾃﾙ,2/120,,,,,,,,,,,,,,,,,,,,,
◯,A356NV,Olivia ﾗﾝﾁﾊﾞｯｸﾞ ﾊﾟﾀｰﾝ,NAVY,,"¥1,800",CHINA,4516344089015,11,W280×D100×H210,,ﾎﾟﾘｴｽﾃﾙ,2/100,,,9/中,,,,,,,,,,,,,,,,,,
,A356RD,Olivia ﾗﾝﾁﾊﾞｯｸﾞ ﾊﾟﾀｰﾝ,RED,,"¥1,800",CHINA,4516344088629,11,W280×D100×H210,,ﾎﾟﾘｴｽﾃﾙ,2/120,,,,,,,,,,,,,,,,,,,,,
,A356YE,Olivia ﾗﾝﾁﾊﾞｯｸﾞ ﾊﾟﾀｰﾝ,YELLOW,,"¥1,800",CHINA,4516344088636,11,W280×D100×H210,,ﾎﾟﾘｴｽﾃﾙ,2/120,,,,,,,,,,,,,,,,,,,,,
,A357BK,Olivia ﾗﾝﾁｸﾛｽ ﾍﾞｰｼｯｸ,BLACK,,"¥1,400",CHINA,4516344088643,10,440×440,,ﾎﾟﾘｴｽﾃﾙ,2/120,,,,,,,,,,,,,,,,,,,,,
,A357GY,Olivia ﾗﾝﾁｸﾛｽ ﾍﾞｰｼｯｸ,GRAY,,"¥1,400",CHINA,4516344088650,10,440×440,,ﾎﾟﾘｴｽﾃﾙ,2/120,,,,,,,,,,,,,,,,,,,,,
,A358BK,Olivia ﾗﾝﾁﾊﾞｯｸﾞ ﾍﾞｰｼｯｸ,BLACK,,"¥1,800",CHINA,4516344088667,11,W280×D100×H210,,ﾎﾟﾘｴｽﾃﾙ,2/120,,,,,,,,,,,,,,,,,,,,,
,A358GY,Olivia ﾗﾝﾁﾊﾞｯｸﾞ ﾍﾞｰｼｯｸ,GRAY,,"¥1,800",CHINA,4516344088674,11,W280×D100×H210,,ﾎﾟﾘｴｽﾃﾙ,2/120,,,,,,,,,,,,,,,,,,,,,
,A359BK,Labas ﾊﾞﾌﾞｰｼｭｽﾘｯﾊﾟ ﾒﾝｽﾞ,BLACK,,"¥1,900",CHINA,4516344088841,23,ﾒﾝｽﾞﾌﾘｰｻｲｽﾞ(約25.0〜26.5cm),,PUﾚｻﾞｰ,2/24,,,,,,,,,,,,,,,,,,,,,
,A359BR,Labas ﾊﾞﾌﾞｰｼｭｽﾘｯﾊﾟ ﾒﾝｽﾞ,BROWN,,"¥1,900",CHINA,4516344088858,23,ﾒﾝｽﾞﾌﾘｰｻｲｽﾞ(約25.0〜26.5cm),,PUﾚｻﾞｰ,2/24,,,,,,,,,,,,,,,,,,,,,
,A359NV,Labas ﾊﾞﾌﾞｰｼｭｽﾘｯﾊﾟ ﾒﾝｽﾞ,NAVY,,"¥1,900",CHINA,4516344088865,23,ﾒﾝｽﾞﾌﾘｰｻｲｽﾞ(約25.0〜26.5cm),,PUﾚｻﾞｰ,2/24,,,,,,,,,,,,,,,,,,,,,
◯,A361BL,BERTRAND ｽｳｪｯﾄﾌﾞﾗﾝｹｯﾄ,BLUE,,"¥2,800",CHINA,4516344089022,3,1380×800,,ﾎﾟﾘｴｽﾃﾙ･ｺｯﾄﾝ･ﾎﾟﾘｳﾚﾀﾝ,1/30,,(ﾈｯﾄを使用で洗濯可能),9/中,,,,,,,,,,,,,,,,,,
◯,A361GY,BERTRAND ｽｳｪｯﾄﾌﾞﾗﾝｹｯﾄ,GRAY,,"¥2,800",CHINA,4516344089039,3,1380×800,,ﾎﾟﾘｴｽﾃﾙ･ｺｯﾄﾝ･ﾎﾟﾘｳﾚﾀﾝ,1/30,,(ﾈｯﾄを使用で洗濯可能),9/中,,,,,,,,,,,,,,,,,,
◯,A361KH,BERTRAND ｽｳｪｯﾄﾌﾞﾗﾝｹｯﾄ,KHAKI,,"¥2,800",CHINA,4516344089046,3,1380×800,,ﾎﾟﾘｴｽﾃﾙ･ｺｯﾄﾝ･ﾎﾟﾘｳﾚﾀﾝ,1/30,,(ﾈｯﾄを使用で洗濯可能),9/中,,,,,,,,,,,,,,,,,,
◯,A362BL,BERTRAND ｼｰﾄｸｯｼｮﾝ,BLUE,,"¥2,300",CHINA,4516344089053,3,W350×D350×H30,,ﾎﾟﾘｴｽﾃﾙ･ｺｯﾄﾝ･ﾎﾟﾘｳﾚﾀﾝ(中材 ﾎﾟﾘｳﾚﾀﾝ),1/30,,(手洗い洗濯可能),9/中,,,,,,,,,,,,,,,,,,
◯,A362GY,BERTRAND ｼｰﾄｸｯｼｮﾝ,GRAY,,"¥2,300",CHINA,4516344089060,3,W350×D350×H30,,ﾎﾟﾘｴｽﾃﾙ･ｺｯﾄﾝ･ﾎﾟﾘｳﾚﾀﾝ(中材 ﾎﾟﾘｳﾚﾀﾝ),1/30,,(手洗い洗濯可能),9/中,,,,,,,,,,,,,,,,,,
◯,A362KH,BERTRAND ｼｰﾄｸｯｼｮﾝ,KHAKI,,"¥2,300",CHINA,4516344089077,3,W350×D350×H30,,ﾎﾟﾘｴｽﾃﾙ･ｺｯﾄﾝ･ﾎﾟﾘｳﾚﾀﾝ(中材 ﾎﾟﾘｳﾚﾀﾝ),1/30,,(手洗い洗濯可能),9/中,,,,,,,,,,,,,,,,,,
◯,A363FO,BERTRAND ﾜｰｸｸﾞﾛｰﾌﾞ ｱｿｰﾄ,ﾌｫﾚｽﾄ,,¥680,JAPAN,4516344089084,2,ﾌﾘｰｻｲｽﾞ,,未利用繊維100%(ﾎﾟﾘｴｽﾃﾙ･綿･ｱｸﾘﾙ･ﾚｰﾖﾝ混紡),AS6,,(男女どちらも使用できます),7/中,,,,,,,,,,,,,,,,,,
◯,A363OR,BERTRAND ﾜｰｸｸﾞﾛｰﾌﾞ ｱｿｰﾄ,ｵﾙﾃｶﾞ,,¥680,JAPAN,4516344089107,2,ﾌﾘｰｻｲｽﾞ,,未利用繊維100%(ﾎﾟﾘｴｽﾃﾙ･綿･ｱｸﾘﾙ･ﾚｰﾖﾝ混紡),AS6,,(男女どちらも使用できます),7/中,,,,,,,,,,,,,,,,,,
◯,A363TE,BERTRAND ﾜｰｸｸﾞﾛｰﾌﾞ ｱｿｰﾄ,ﾃﾝﾄ,,¥680,JAPAN,4516344089091,2,ﾌﾘｰｻｲｽﾞ,,未利用繊維100%(ﾎﾟﾘｴｽﾃﾙ･綿･ｱｸﾘﾙ･ﾚｰﾖﾝ混紡),AS6,,(男女どちらも使用できます),7/中,,,,,,,,,,,,,,,,,,
◯,A364BE,BERTRAND ｽﾀｯｷﾝｸﾞﾏｸﾞ,BEIGE,,¥680,JAPAN,4516344089114,4,Φ95×H64,220ml,ﾎﾟﾘﾌﾟﾛﾋﾟﾚﾝ,6/120,,耐熱温度140℃/食洗機:可/電子ﾚﾝｼﾞ:可,8/上,,,,,,,,,,,,,,,,,,
◯,A364GR,BERTRAND ｽﾀｯｷﾝｸﾞﾏｸﾞ,GREEN,,¥680,JAPAN,4516344089121,4,Φ95×H64,220ml,ﾎﾟﾘﾌﾟﾛﾋﾟﾚﾝ,6/120,,耐熱温度140℃/食洗機:可/電子ﾚﾝｼﾞ:可,8/上,,,,,,,,,,,,,,,,,,
◯,A364RD,BERTRAND ｽﾀｯｷﾝｸﾞﾏｸﾞ,RED,,¥680,JAPAN,4516344089138,4,Φ95×H64,220ml,ﾎﾟﾘﾌﾟﾛﾋﾟﾚﾝ,6/120,,耐熱温度140℃/食洗機:可/電子ﾚﾝｼﾞ:可,8/上,,,,,,,,,,,,,,,,,,
◯,A365BL,BERTRAND ｳｰﾙｺｰｽﾀｰ,BLUE,,¥700,NEPAL,4516344089145,4,約110×110,,ｳｰﾙ100%,5,,,8/下,,,,,,,,,,,,,,,,,,
◯,A365GR,BERTRAND ｳｰﾙｺｰｽﾀｰ,GREEN,,¥700,NEPAL,4516344089152,4,約110×110,,ｳｰﾙ100%,5,,,8/下,,,,,,,,,,,,,,,,,,
◯,A365RD,BERTRAND ｳｰﾙｺｰｽﾀｰ,RED,,¥700,NEPAL,4516344089169,4,約110×110,,ｳｰﾙ100%,5,,,8/下,,,,,,,,,,,,,,,,,,
◯,A366BL,BERTRAND ｳｰﾙﾄﾘﾍﾞｯﾄ,BLUE,,"¥2,000",NEPAL,4516344089183,4,約165×165,,ｳｰﾙ100%,1,,,8/下,,,,,,,,,,,,,,,,,,
◯,A366GR,BERTRAND ｳｰﾙﾄﾘﾍﾞｯﾄ,GREEN,,"¥2,000",NEPAL,4516344089190,4,約165×165,,ｳｰﾙ100%,1,,,8/下,,,,,,,,,,,,,,,,,,
◯,A366RD,BERTRAND ｳｰﾙﾄﾘﾍﾞｯﾄ,RED,,"¥2,000",NEPAL,4516344089206,4,約165×165,,ｳｰﾙ100%,1,,,8/下,,,,,,,,,,,,,,,,,,
◯,A367BK,PORTE ﾀﾞｽﾄﾋﾞﾝ 15L,BLACK,,"¥2,400",THAILAND ,4516344089220,24,W250×D275×H350,15L,ﾎﾟﾘﾌﾟﾛﾋﾟﾚﾝ,1/10,,耐熱温度:80℃/耐冷温度:-10℃,8/下,,,,,,,,,,,,,,,,,,
◯,A367BR,PORTE ﾀﾞｽﾄﾋﾞﾝ 15L,BROWN,,"¥2,400",THAILAND,4516344089237,24,W250×D275×H350,15L,ﾎﾟﾘﾌﾟﾛﾋﾟﾚﾝ,1/10,,耐熱温度:80℃/耐冷温度:-10℃,8/下,,,,,,,,,,,,,,,,,,
◯,A367GR,PORTE ﾀﾞｽﾄﾋﾞﾝ 15L,GREEN,,"¥2,400",THAILAND,4516344089244,24,W250×D275×H350,15L,ﾎﾟﾘﾌﾟﾛﾋﾟﾚﾝ,1/10,,耐熱温度:80℃/耐冷温度:-10℃,8/下,,,,,,,,,,,,,,,,,,
◯,A367IV,PORTE ﾀﾞｽﾄﾋﾞﾝ 15L,IVORY,,"¥2,400",THAILAND,4516344089251,24,W250×D275×H350,15L,ﾎﾟﾘﾌﾟﾛﾋﾟﾚﾝ,1/10,,耐熱温度:80℃/耐冷温度:-10℃,8/下,,,,,,,,,,,,,,,,,,
◯,A367RD,PORTE ﾀﾞｽﾄﾋﾞﾝ 15L,RED,,"¥2,400",THAILAND,4516344089268,24,W250×D275×H350,15L,ﾎﾟﾘﾌﾟﾛﾋﾟﾚﾝ,1/10,,耐熱温度:80℃/耐冷温度:-10℃,8/下,,,,,,,,,,,,,,,,,,
◯,A368BR,ALWAYS ﾃｨｯｼｭﾎﾞｯｸｽｹｰｽ ﾍﾘﾝﾎﾞｰﾝ,BROWN,,"¥1,600",CHINA,4516344089275,21,W290×D80×H250,,ﾎﾟﾘｴｽﾃﾙ,1/100,,W120×D230×H50までのﾎﾞｯｸｽﾃｨｯｼｭ対応,9/中,,,,,,,,,,,,,,,,,,
◯,A368GY,ALWAYS ﾃｨｯｼｭﾎﾞｯｸｽｹｰｽ ﾍﾘﾝﾎﾞｰﾝ,GRAY,,"¥1,600",CHINA,4516344089282,21,W290×D80×H250,,ﾎﾟﾘｴｽﾃﾙ,1/100,,W120×D230×H50までのﾎﾞｯｸｽﾃｨｯｼｭ対応,9/中,,,,,,,,,,,,,,,,,,
◯,A370BL,Olivia ｼｮｯﾋﾟﾝｸﾞﾊﾞｯｸﾞ,BLUE,,"¥2,400",CHINA,4516344089299,8,W450×D140×H400/収納した状態 約W180×H160,,ﾎﾟﾘｴｽﾃﾙ,1/60,(7kg),,9/中,,,,,,,,,,,,,,,,,,
◯,A370GR,Olivia ｼｮｯﾋﾟﾝｸﾞﾊﾞｯｸﾞ,GREEN,,"¥2,400",CHINA,4516344089305,8, W450×D140×H400/収納した状態 約W180×H160,,ﾎﾟﾘｴｽﾃﾙ,1/60,(7kg),,9/中,,,,,,,,,,,,,,,,,,
◯,A370RD,Olivia ｼｮｯﾋﾟﾝｸﾞﾊﾞｯｸﾞ,RED,,"¥2,400",CHINA,4516344089312,8,W450×D140×H400/収納した状態 約W180×H160,,ﾎﾟﾘｴｽﾃﾙ,1/60,(7kg),,9/中,,,,,,,,,,,,,,,,,,
◯,A370YE,Olivia ｼｮｯﾋﾟﾝｸﾞﾊﾞｯｸﾞ,YELLOW,,"¥2,400",CHINA,4516344089329,8,W450×D140×H400/収納した状態 約W180×H160,,ﾎﾟﾘｴｽﾃﾙ,1/60,(7kg),,9/中,,,,,,,,,,,,,,,,,,
◯,A371BL,Olivia ﾚｼﾞｶｺﾞﾊﾞｯｸﾞ,BLUE,,"¥2,900",CHINA,4516344089367,9,W420×D220×H250/収納した状態 約W230×H180,約20L,ﾎﾟﾘｴｽﾃﾙ･ｱﾙﾐｼｰﾄ,1/40,(12kg),,9/中,,,,,,,,,,,,,,,,,,
◯,A371GR,Olivia ﾚｼﾞｶｺﾞﾊﾞｯｸﾞ,GREEN,,"¥2,900",CHINA,4516344089374,9,W420×D220×H250/収納した状態 約W230×H180,約20L,ﾎﾟﾘｴｽﾃﾙ･ｱﾙﾐｼｰﾄ,1/40,(12kg),,9/中,,,,,,,,,,,,,,,,,,
◯,A371RD,Olivia ﾚｼﾞｶｺﾞﾊﾞｯｸﾞ,RED,,"¥2,900",CHINA,4516344089381,9,W420×D220×H250/収納した状態 約W230×H180,約20L,ﾎﾟﾘｴｽﾃﾙ･ｱﾙﾐｼｰﾄ,1/40,(12kg),,9/中,,,,,,,,,,,,,,,,,,
◯,A371YE,Olivia ﾚｼﾞｶｺﾞﾊﾞｯｸﾞ,YELLOW,,"¥2,900",CHINA,4516344089398,9,W420×D220×H250/収納した状態 約W230×H180,約20L,ﾎﾟﾘｴｽﾃﾙ･ｱﾙﾐｼｰﾄ,1/40,(12kg),,9/中,,,,,,,,,,,,,,,,,,
◯,A372BE,SMITH-BRINDLE ﾚｼﾞ袋ｽﾄｯｶｰ,BEIGE,,"¥1,600",CHINA,4516344089435,18,W210×D100×H340,,ﾎﾟﾘｴｽﾃﾙ,1/100,,,9/中,,,,,,,,,,,,,,,,,,
◯,A372BL,SMITH-BRINDLE ﾚｼﾞ袋ｽﾄｯｶｰ,BLUE,,"¥1,600",CHINA,4516344089442,18,W210×D100×H340,,ﾎﾟﾘｴｽﾃﾙ,1/100,,,9/中,,,,,,,,,,,,,,,,,,
◯,A372GY,SMITH-BRINDLE ﾚｼﾞ袋ｽﾄｯｶｰ,GRAY,,"¥1,600",CHINA,4516344089459,18,W210×D100×H340,,ﾎﾟﾘｴｽﾃﾙ,1/100,,,9/中,,,,,,,,,,,,,,,,,,
◯,A373BE,SMITH-BRINDLE ｺﾞﾐ袋ｽﾄｯｶｰ,BEIGE,,"¥1,800",CHINA,4516344089466,18,W260×H400/底面内ﾏﾁ60,,ﾎﾟﾘｴｽﾃﾙ,1/100,,,9/中,,,,,,,,,,,,,,,,,,
◯,A373BL,SMITH-BRINDLE ｺﾞﾐ袋ｽﾄｯｶｰ,BLUE,,"¥1,800",CHINA,4516344089473,18,W260×H400/底面内ﾏﾁ60,,ﾎﾟﾘｴｽﾃﾙ,1/100,,,9/中,,,,,,,,,,,,,,,,,,
◯,A373GY,SMITH-BRINDLE ｺﾞﾐ袋ｽﾄｯｶｰ,GRAY,,"¥1,800",CHINA,4516344089480,18,W260×H400/底面内ﾏﾁ60,,ﾎﾟﾘｴｽﾃﾙ,1/100,,,9/中,,,,,,,,,,,,,,,,,,
◯,A374GY,LOOSE STYLE ｺｯﾄﾝｹｰｽ,GRAY,,"¥1,800",CHINA,4516344089497,26,W160×D120×H140,,ｽﾁｰﾙ,1/12,,,9/中,,,,,,,,,,,,,,,,,,
◯,A374WH,LOOSE STYLE ｺｯﾄﾝｹｰｽ,WHITE,,"¥1,800",CHINA,4516344089503,26,W160×D120×H140,,ｽﾁｰﾙ,1/12,,,9/中,,,,,,,,,,,,,,,,,,
◯,A375GY,LOOSE STYLE ﾏｽｸｹｰｽ,GRAY,,"¥2,200",CHINA,4516344089510,26,W215×D120×H140,,ｽﾁｰﾙ,1/12,,,9/中,,,,,,,,,,,,,,,,,,
◯,A375WH,LOOSE STYLE ﾏｽｸｹｰｽ, WHITE,,"¥2,200",CHINA,4516344089527,26,W215×D120×H140,,ｽﾁｰﾙ,1/12,,,9/中,,,,,,,,,,,,,,,,,,
◯,A376GY,LOOSE STYLE ﾃｨｯｼｭｹｰｽ,GRAY,,"¥2,400",CHINA,4516344089534,26,W250×D140×H80,,ｽﾁｰﾙ,1/12,,W235×D125×H70までのﾎﾞｯｸｽﾃｨｯｼｭ対応,9/中,,,,,,,,,,,,,,,,,,
◯,A376WH,LOOSE STYLE ﾃｨｯｼｭｹｰｽ,WHITE,,"¥2,400",CHINA,4516344089541,26,W250×D140×H80,,ｽﾁｰﾙ,1/12,,W235×D125×H70までのﾎﾞｯｸｽﾃｨｯｼｭ対応,9/中,,,,,,,,,,,,,,,,,,
◯,A377A,HELLO BEAR ﾀｵﾙﾊﾝｶﾁ ｲﾆｼｬﾙ,A,,¥500,JAPAN,4516344089558,29,約250×250,,ｺｯﾄﾝ100%,3/540,,,8/上,,,,,,,,,,,,,,,,,,
◯,A377H,HELLO BEAR ﾀｵﾙﾊﾝｶﾁ ｲﾆｼｬﾙ,H,,¥500,JAPAN,4516344089565,29,約250×250,,ｺｯﾄﾝ100%,3/540,,,8/上,,,,,,,,,,,,,,,,,,
◯,A377K,HELLO BEAR ﾀｵﾙﾊﾝｶﾁ ｲﾆｼｬﾙ,K,,¥500,JAPAN,4516344089572,29,約250×250,,ｺｯﾄﾝ100%,3/540,,,8/上,,,,,,,,,,,,,,,,,,
◯,A377M,HELLO BEAR ﾀｵﾙﾊﾝｶﾁ ｲﾆｼｬﾙ,M,,¥500,JAPAN,4516344089596,29,約250×250,,ｺｯﾄﾝ100%,3/540,,,8/上,,,,,,,,,,,,,,,,,,
◯,A377N,HELLO BEAR ﾀｵﾙﾊﾝｶﾁ ｲﾆｼｬﾙ,N,,¥500,JAPAN,4516344089589,29,約250×250,,ｺｯﾄﾝ100%,3/540,,,8/上,,,,,,,,,,,,,,,,,,
◯,A377R,HELLO BEAR ﾀｵﾙﾊﾝｶﾁ ｲﾆｼｬﾙ,R,,¥500,JAPAN,4516344089602,29,約250×250,,ｺｯﾄﾝ100%,3/540,,,8/上,,,,,,,,,,,,,,,,,,
◯,A377S,HELLO BEAR ﾀｵﾙﾊﾝｶﾁ ｲﾆｼｬﾙ,S,,¥500,JAPAN,4516344089619,29,約250×250,,ｺｯﾄﾝ100%,3/540,,,8/上,,,,,,,,,,,,,,,,,,
◯,A377Y,HELLO BEAR ﾀｵﾙﾊﾝｶﾁ ｲﾆｼｬﾙ,Y,,¥500,JAPAN,4516344089626,29,約250×250,,ｺｯﾄﾝ100%,3/540,,,8/上,,,,,,,,,,,,,,,,,,
◯,A378BE,MARSH ﾙｰﾑｼｭｰｽﾞ,BEIGE,,"¥1,500",CHINA,4516344089633,20,ﾚﾃﾞｨｰｽﾌﾘｰｻｲｽﾞ(約23.0〜24.5cm),,ﾎﾟﾘｴｽﾃﾙ(92%)､ﾎﾟﾘｳﾚﾀﾝ(8%)(中綿100%ﾎﾟﾘｴｽﾃﾙ､ｿｰﾙ100%ｳﾚﾀﾝ),1/36,,,9/上,,,,,,,,,,,,,,,,,,
◯,A378BR,MARSH ﾙｰﾑｼｭｰｽﾞ,BROWN,,"¥1,500",CHINA,4516344089671,20,ﾚﾃﾞｨｰｽﾌﾘｰｻｲｽﾞ(約23.0〜24.5cm),,ﾎﾟﾘｴｽﾃﾙ(92%)､ﾎﾟﾘｳﾚﾀﾝ(8%)(中綿100%ﾎﾟﾘｴｽﾃﾙ､ｿｰﾙ100%ｳﾚﾀﾝ),1/36,,,9/上,,,,,,,,,,,,,,,,,,
◯,A378GY,MARSH ﾙｰﾑｼｭｰｽﾞ,GRAY,,"¥1,500",CHINA,4516344089640,20,ﾚﾃﾞｨｰｽﾌﾘｰｻｲｽﾞ(約23.0〜24.5cm),,ﾎﾟﾘｴｽﾃﾙ(92%)､ﾎﾟﾘｳﾚﾀﾝ(8%)(中綿100%ﾎﾟﾘｴｽﾃﾙ､ｿｰﾙ100%ｳﾚﾀﾝ),1/36,,,9/上,,,,,,,,,,,,,,,,,,
◯,A378NV,MARSH ﾙｰﾑｼｭｰｽﾞ,NAVY,,"¥1,500",CHINA,4516344089657,20,ﾚﾃﾞｨｰｽﾌﾘｰｻｲｽﾞ(約23.0〜24.5cm),,ﾎﾟﾘｴｽﾃﾙ(92%)､ﾎﾟﾘｳﾚﾀﾝ(8%)(中綿100%ﾎﾟﾘｴｽﾃﾙ､ｿｰﾙ100%ｳﾚﾀﾝ),1/36,,,9/上,,,,,,,,,,,,,,,,,,
◯,A379BR,GARNER ｳｯﾄﾞﾎﾞｯｸｽ ﾌﾗｯﾄ(S),BROWN,,"¥1,900",CHINA,4516344089695,15,W190×D280×H80,,ｳｯﾄﾞ (ﾌｧｰｳｯﾄﾞ),1/8,,,9/下,,,,,,,,,,,,,,,,,,
◯,A379NT,GARNER ｳｯﾄﾞﾎﾞｯｸｽ ﾌﾗｯﾄ(S),NATURAL,,"¥1,900",CHINA,4516344089688,15,W190×D280×H80,,ｳｯﾄﾞ(ﾌｧｰｳｯﾄﾞ),1/8,,,9/下,,,,,,,,,,,,,,,,,,
◯,A380BR,GARNER ｳｯﾄﾞﾎﾞｯｸｽ ﾌﾗｯﾄ(L),BROWN,,"¥2,900",CHINA,4516344089718,15,W280×D380×H80,,ｳｯﾄﾞ (ﾌｧｰｳｯﾄﾞ),1/8,,,9/下,,,,,,,,,,,,,,,,,,
◯,A380NT,GARNER ｳｯﾄﾞﾎﾞｯｸｽ ﾌﾗｯﾄ(L),NATURAL,,"¥2,900",CHINA,4516344089701,15,W280×D380×H80,,ｳｯﾄﾞ(ﾌｧｰｳｯﾄﾞ),1/8,,,9/下,,,,,,,,,,,,,,,,,,
◯,A381BR,GARNER ｳｯﾄﾞﾎﾞｯｸｽ ｽﾀﾝﾀﾞｰﾄﾞ(S),BROWN,,"¥2,400",CHINA,4516344089732,15,W190×D280×H156,,ｳｯﾄﾞ (ﾌｧｰｳｯﾄﾞ),1/6,,,9/下,,,,,,,,,,,,,,,,,,
◯,A381NT,GARNER ｳｯﾄﾞﾎﾞｯｸｽ ｽﾀﾝﾀﾞｰﾄﾞ(S),NATURAL,,"¥2,400",CHINA,4516344089725,15,W190×D280×H156,,ｳｯﾄﾞ(ﾌｧｰｳｯﾄﾞ),1/6,,,9/下,,,,,,,,,,,,,,,,,,
◯,A382BR,GARNER ｳｯﾄﾞﾎﾞｯｸｽ ｽﾀﾝﾀﾞｰﾄﾞ(L),BROWN,,"¥3,900",CHINA,4516344089756,15,W280×D380×H156,,ｳｯﾄﾞ (ﾌｧｰｳｯﾄﾞ),1/6,,,9/下,,,,,,,,,,,,,,,,,,
◯,A382NT,GARNER ｳｯﾄﾞﾎﾞｯｸｽ ｽﾀﾝﾀﾞｰﾄﾞ(L),NATURAL,,"¥3,900",CHINA,4516344089749,15,W280×D380×H156,,ｳｯﾄﾞ(ﾌｧｰｳｯﾄﾞ),1/6,,,9/下,,,,,,,,,,,,,,,,,,
,K,,,,,,,,,,,,,,,,,,,,,,,,,,,,,,,,
,K416BK,ﾌﾞﾙｰﾑ&ﾀﾞｽﾄﾊﾟﾝ ﾎﾟﾙﾃ,BLACK,,"¥1,600",CHINA,4516344087905,24,W275×D265×H950,,ﾎﾟﾘﾌﾟﾛﾋﾟﾚﾝ･ｽﾁｰﾙ･PET,1/24,,,,,,,,,,,,,,,,,,,,,
,K416BR,ﾌﾞﾙｰﾑ&ﾀﾞｽﾄﾊﾟﾝ ﾎﾟﾙﾃ,BROWN,,"¥1,600",CHINA,4516344061707 ,24,W275×D265×H950,,ﾎﾟﾘﾌﾟﾛﾋﾟﾚﾝ･ｽﾁｰﾙ･PET,1/24,,,,,,,,,,,,,,,,,,,,,
,K416GR,ﾌﾞﾙｰﾑ&ﾀﾞｽﾄﾊﾟﾝ ﾎﾟﾙﾃ,GREEN,,"¥1,600",CHINA,4516344061714 ,24,W275×D265×H950,,ﾎﾟﾘﾌﾟﾛﾋﾟﾚﾝ･ｽﾁｰﾙ･PET,1/24,,,,,,,,,,,,,,,,,,,,,
,K416IV,ﾌﾞﾙｰﾑ&ﾀﾞｽﾄﾊﾟﾝ ﾎﾟﾙﾃ,IVORY,,"¥1,600",CHINA,4516344061721 ,24,W275×D265×H950,,ﾎﾟﾘﾌﾟﾛﾋﾟﾚﾝ･ｽﾁｰﾙ･PET,1/24,,,,,,,,,,,,,,,,,,,,,
,K416RD,ﾌﾞﾙｰﾑ&ﾀﾞｽﾄﾊﾟﾝ ﾎﾟﾙﾃ,RED,,"¥1,600",CHINA,4516344061738 ,24,W275×D265×H950,,ﾎﾟﾘﾌﾟﾛﾋﾟﾚﾝ･ｽﾁｰﾙ･PET,1/24,,,,,,,,,,,,,,,,,,,,,
,K663BE,coron がま口ﾎﾟｰﾁ,BEIGE,,"¥1,500",CHINA,4516344068737 ,32,W120×D20×H120,,ﾎﾟﾘｴｽﾃﾙ･ｺｯﾄﾝ･ﾒﾀﾙ,1/250,,,,,,,,,,,,,,,,,,,,,
,K663OL,coron がま口ﾎﾟｰﾁ,OLIVE,,"¥1,500",CHINA,4516344068744 ,32,W120×D20×H120,,ﾎﾟﾘｴｽﾃﾙ･ｺｯﾄﾝ･ﾒﾀﾙ,1/250,,,,,,,,,,,,,,,,,,,,,
,K663RD,coron がま口ﾎﾟｰﾁ,RED,,"¥1,500",CHINA,4516344068751 ,32,W120×D20×H120,,ﾎﾟﾘｴｽﾃﾙ･ｺｯﾄﾝ･ﾒﾀﾙ,1/250,,,,,,,,,,,,,,,,,,,,,
,K664BE,coron ﾀﾞﾌﾞﾙ がま口ﾎﾟｰﾁ,BEIGE,,"¥2,500",CHINA,4516344068768 ,32,W135×D25×H130,,ﾎﾟﾘｴｽﾃﾙ･ｺｯﾄﾝ･ﾒﾀﾙ,1/100,,,,,,,,,,,,,,,,,,,,,
,K664OL,coron ﾀﾞﾌﾞﾙ がま口ﾎﾟｰﾁ,OLIVE,,"¥2,500",CHINA,4516344068775 ,32,W135×D25×H130,,ﾎﾟﾘｴｽﾃﾙ･ｺｯﾄﾝ･ﾒﾀﾙ,1/100,,,,,,,,,,,,,,,,,,,,,
,K664RD,coron ﾀﾞﾌﾞﾙ がま口ﾎﾟｰﾁ,RED,,"¥2,500",CHINA,4516344068782 ,32,W135×D25×H130,,ﾎﾟﾘｴｽﾃﾙ･ｺｯﾄﾝ･ﾒﾀﾙ,1/100,,,,,,,,,,,,,,,,,,,,,
,K665BE,coron ｺｽﾒﾎﾟｰﾁ,BEIGE,,"¥2,000",CHINA,4516344068799 ,32,W170×D90×H100,,ﾎﾟﾘｴｽﾃﾙ･ｺｯﾄﾝ･ﾒﾀﾙ,1/50,,,,,,,,,,,,,,,,,,,,,
,K665OL,coron ｺｽﾒﾎﾟｰﾁ,OLIVE,,"¥2,000",CHINA,4516344068805 ,32,W170×D90×H100,,ﾎﾟﾘｴｽﾃﾙ･ｺｯﾄﾝ･ﾒﾀﾙ,1/50,,,,,,,,,,,,,,,,,,,,,
,K665RD,coron ｺｽﾒﾎﾟｰﾁ,RED,,"¥2,000",CHINA,4516344068812 ,32,W170×D90×H100,,ﾎﾟﾘｴｽﾃﾙ･ｺｯﾄﾝ･ﾒﾀﾙ,1/50,,,,,,,,,,,,,,,,,,,,,
,K666BE,coron ﾍﾟﾝﾎﾟｰﾁ,BEIGE,,"¥1,800",CHINA,4516344068829 ,32,W200×D50×H70,,ﾎﾟﾘｴｽﾃﾙ･ｺｯﾄﾝ･ﾒﾀﾙ,1/50,,,,,,,,,,,,,,,,,,,,,
,K666OL,coron ﾍﾟﾝﾎﾟｰﾁ,OLIVE,,"¥1,800",CHINA,4516344068836 ,32,W200×D50×H70,,ﾎﾟﾘｴｽﾃﾙ･ｺｯﾄﾝ･ﾒﾀﾙ,1/50,,,,,,,,,,,,,,,,,,,,,
,K666RD,coron ﾍﾟﾝﾎﾟｰﾁ,RED,,"¥1,800",CHINA,4516344068843 ,32,W200×D50×H70,,ﾎﾟﾘｴｽﾃﾙ･ｺｯﾄﾝ･ﾒﾀﾙ,1/50,,,,,,,,,,,,,,,,,,,,,
,K667BE,coron 印鑑ｹｰｽ,BEIGE,,"¥1,200",CHINA,4516344068850 ,32,W105×H50,,ﾎﾟﾘｴｽﾃﾙ･ｺｯﾄﾝ･ﾒﾀﾙ,1/250,,,,,,,,,,,,,,,,,,,,,
,K667OL,coron 印鑑ｹｰｽ,OLIVE,,"¥1,200",CHINA,4516344068867 ,32,W105×H50,,ﾎﾟﾘｴｽﾃﾙ･ｺｯﾄﾝ･ﾒﾀﾙ,1/250,,,,,,,,,,,,,,,,,,,,,
,K667RD,coron 印鑑ｹｰｽ,RED,,"¥1,200",CHINA,4516344068874 ,32,W105×H50,,ﾎﾟﾘｴｽﾃﾙ･ｺｯﾄﾝ･ﾒﾀﾙ,1/250,,,,,,,,,,,,,,,,,,,,,
,K754,NEEDLEWORK ﾒｼﾞｬｰ,,,¥500,CHINA,4516344071034 ,31,Φ53×H20,,ﾘﾈﾝ•ｺｯﾄﾝ,1/500,,ﾒｼﾞｬｰ長さ1.5m,,,,,,,,,,,,,,,,,,,
,K755,NEEDLEWORK ﾐﾆｿｰｲﾝｸﾞｾｯﾄ,,,¥800,CHINA,4516344071058 ,31,W70×D8×H110,,ﾘﾈﾝ•ｺｯﾄﾝ,1/200,,ﾊｻﾐ､針､ﾏﾁ針､糸巻き､糸通し､安全ﾋﾟﾝ､ﾎﾞﾀﾝ､ﾋﾟﾝｸｯｼｮﾝ､ｽﾅｯﾌﾟﾎﾞﾀﾝ,,,,,,,,,,,,,,,,,,,
,K756,NEEDLEWORK ｿｰｲﾝｸﾞﾊﾞｽｹｯﾄ ｽｸｴｱ,,,"¥1,000",CHINA,4516344071072 ,31,W135×D100×H50,,ﾘﾈﾝ•ｺｯﾄﾝ･ﾊﾞﾝﾌﾞｰ,1/54,,ﾊｻﾐ､針､糸､糸通し､安全ﾋﾟﾝ､ﾎﾞﾀﾝ､ｽﾅｯﾌﾟﾎﾞﾀﾝ､ﾒｼﾞｬｰ､糸切り､指ぬき､ﾋﾟﾝｸｯｼｮﾝ,,,,,,,,,,,,,,,,,,,
,K757,NEEDLEWORK ｿｰｲﾝｸﾞﾊﾞｽｹｯﾄ ﾗｳﾝﾄﾞ,,,"¥1,000",CHINA,4516344071096 ,31,Φ122×H50,,ﾘﾈﾝ•ｺｯﾄﾝ･ﾊﾞﾝﾌﾞｰ,1/84,,ﾊｻﾐ､針､糸､糸通し､安全ﾋﾟﾝ､ﾎﾞﾀﾝ､ｽﾅｯﾌﾟﾎﾞﾀﾝ､ﾒｼﾞｬｰ､糸切り､指ぬき､ﾋﾟﾝｸｯｼｮﾝ,,,,,,,,,,,,,,,,,,,
,K758,NEEDLEWORK ｿｰｲﾝｸﾞﾎﾞｯｸｽ,,,"¥1,200",CHINA,4516344071119 ,31,W106×D131×H40,,ﾘﾈﾝ•ｺｯﾄﾝ,1/36,,ﾊｻﾐ､針､糸､糸通し､安全ﾋﾟﾝ､ﾎﾞﾀﾝ､ｽﾅｯﾌﾟﾎﾞﾀﾝ､ﾒｼﾞｬｰ､糸切り､指ぬき､ﾋﾟﾝｸｯｼｮﾝ,,,,,,,,,,,,,,,,,,,
,K981BR,ﾄﾗｯﾄﾞﾌﾞﾗﾝｹｯﾄ SPRUCE,BROWN,,"¥3,600",CHINA,4516344076527 ,21,約700×1500,,ﾎﾟﾘｴｽﾃﾙ,1/20,,ﾌﾞﾗﾝｹｯﾄﾋﾟﾝ付き,,,,,,,,,,,,,,,,,,,
,K981GR,ﾄﾗｯﾄﾞﾌﾞﾗﾝｹｯﾄ SPRUCE,GREEN,,"¥3,600",CHINA,4516344076534 ,21,約700×1500,,ﾎﾟﾘｴｽﾃﾙ,1/20,,ﾌﾞﾗﾝｹｯﾄﾋﾟﾝ付き,,,,,,,,,,,,,,,,,,,
,K981RD,ﾄﾗｯﾄﾞﾌﾞﾗﾝｹｯﾄ SPRUCE,RED,,"¥3,600",CHINA,4516344077005 ,21,約700×1500,,ﾎﾟﾘｴｽﾃﾙ,1/20,,ﾌﾞﾗﾝｹｯﾄﾋﾟﾝ付き,,,,,,,,,,,,,,,,,,,
,,,,,,,,,,,,,,,,,,,,,,,,,,,,,,,,,
,,,,,,,,,,,,,,,,,,,,,,,,,,,,,,,,,
,,,,,,,,,,,,,,,,,,,,,,,,,,,,,,,,,
,,,,,,,,,,,,,,,,,,,,,,,,,,,,,,,,,
,,,,,,,,,,,,,,,,,,,,,,,,,,,,,,,,,
,,,,,,,,,,,,,,,,,,,,,,,,,,,,,,,,,
,,,,,,,,,,,,,,,,,,,,,,,,,,,,,,,,,
,,,,,,,,,,,,,,,,,,,,,,,,,,,,,,,,,
,,,,,,,,,,,,,,,,,,,,,,,,,,,,,,,,,
,,,,,,,,,,,,,,,,,,,,,,,,,,,,,,,,,
,,,,,,,,,,,,,,,,,,,,,,,,,,,,,,,,,
,,,,,,,,,,,,,,,,,,,,,,,,,,,,,,,,,
,,,,,,,,,,,,,,,,,,,,,,,,,,,,,,,,,
,,,,,,,,,,,,,,,,,,,,,,,,,,,,,,,,,
,,,,,,,,,,,,,,,,,,,,,,,,,,,,,,,,,
,,,,,,,,,,,,,,,,,,,,,,,,,,,,,,,,,
,,,,,,,,,,,,,,,,,,,,,,,,,,,,,,,,,
,,,,,,,,,,,,,,,,,,,,,,,,,,,,,,,,,
,,,,,,,,,,,,,,,,,,,,,,,,,,,,,,,,,
,,,,,,,,,,,,,,,,,,,,,,,,,,,,,,,,,
,,,,,,,,,,,,,,,,,,,,,,,,,,,,,,,,,
,,,,,,,,,,,,,,,,,,,,,,,,,,,,,,,,,
,,,,,,,,,,,,,,,,,,,,,,,,,,,,,,,,,
,,,,,,,,,,,,,,,,,,,,,,,,,,,,,,,,,
,,,,,,,,,,,,,,,,,,,,,,,,,,,,,,,,,
,,,,,,,,,,,,,,,,,,,,,,,,,,,,,,,,,
,,,,,,,,,,,,,,,,,,,,,,,,,,,,,,,,,
,,,,,,,,,,,,,,,,,,,,,,,,,,,,,,,,,
,,,,,,,,,,,,,,,,,,,,,,,,,,,,,,,,,
,,,,,,,,,,,,,,,,,,,,,,,,,,,,,,,,,
,,,,,,,,,,,,,,,,,,,,,,,,,,,,,,,,,
,,,,,,,,,,,,,,,,,,,,,,,,,,,,,,,,,
,,,,,,,,,,,,,,,,,,,,,,,,,,,,,,,,,
,,,,,,,,,,,,,,,,,,,,,,,,,,,,,,,,,
,,,,,,,,,,,,,,,,,,,,,,,,,,,,,,,,,
,,,,,,,,,,,,,,,,,,,,,,,,,,,,,,,,,
,,,,,,,,,,,,,,,,,,,,,,,,,,,,,,,,,
,,,,,,,,,,,,,,,,,,,,,,,,,,,,,,,,,
,,,,,,,,,,,,,,,,,,,,,,,,,,,,,,,,,
,,,,,,,,,,,,,,,,,,,,,,,,,,,,,,,,,
,,,,,,,,,,,,,,,,,,,,,,,,,,,,,,,,,
,,,,,,,,,,,,,,,,,,,,,,,,,,,,,,,,,
,,,,,,,,,,,,,,,,,,,,,,,,,,,,,,,,,
,,,,,,,,,,,,,,,,,,,,,,,,,,,,,,,,,
,,,,,,,,,,,,,,,,,,,,,,,,,,,,,,,,,
,,,,,,,,,,,,,,,,,,,,,,,,,,,,,,,,,
,,,,,,,,,,,,,,,,,,,,,,,,,,,,,,,,,
,,,,,,,,,,,,,,,,,,,,,,,,,,,,,,,,,
,,,,,,,,,,,,,,,,,,,,,,,,,,,,,,,,,
,,,,,,,,,,,,,,,,,,,,,,,,,,,,,,,,,
,,,,,,,,,,,,,,,,,,,,,,,,,,,,,,,,,
,,,,,,,,,,,,,,,,,,,,,,,,,,,,,,,,,
,,,,,,,,,,,,,,,,,,,,,,,,,,,,,,,,,
,,,,,,,,,,,,,,,,,,,,,,,,,,,,,,,,,
,,,,,,,,,,,,,,,,,,,,,,,,,,,,,,,,,
,,,,,,,,,,,,,,,,,,,,,,,,,,,,,,,,,
,,,,,,,,,,,,,,,,,,,,,,,,,,,,,,,,,
,,,,,,,,,,,,,,,,,,,,,,,,,,,,,,,,,
,,,,,,,,,,,,,,,,,,,,,,,,,,,,,,,,,
,,,,,,,,,,,,,,,,,,,,,,,,,,,,,,,,,
,,,,,,,,,,,,,,,,,,,,,,,,,,,,,,,,,
,,,,,,,,,,,,,,,,,,,,,,,,,,,,,,,,,
,,,,,,,,,,,,,,,,,,,,,,,,,,,,,,,,,
,,,,,,,,,,,,,,,,,,,,,,,,,,,,,,,,,
,,,,,,,,,,,,,,,,,,,,,,,,,,,,,,,,,
,,,,,,,,,,,,,,,,,,,,,,,,,,,,,,,,,
,,,,,,,,,,,,,,,,,,,,,,,,,,,,,,,,,
,,,,,,,,,,,,,,,,,,,,,,,,,,,,,,,,,
,,,,,,,,,,,,,,,,,,,,,,,,,,,,,,,,,
,,,,,,,,,,,,,,,,,,,,,,,,,,,,,,,,,
,,,,,,,,,,,,,,,,,,,,,,,,,,,,,,,,,
,,,,,,,,,,,,,,,,,,,,,,,,,,,,,,,,,
,,,,,,,,,,,,,,,,,,,,,,,,,,,,,,,,,
,,,,,,,,,,,,,,,,,,,,,,,,,,,,,,,,,
,,,,,,,,,,,,,,,,,,,,,,,,,,,,,,,,,
,,,,,,,,,,,,,,,,,,,,,,,,,,,,,,,,,
,,,,,,,,,,,,,,,,,,,,,,,,,,,,,,,,,
,,,,,,,,,,,,,,,,,,,,,,,,,,,,,,,,,
,,,,,,,,,,,,,,,,,,,,,,,,,,,,,,,,,
,,,,,,,,,,,,,,,,,,,,,,,,,,,,,,,,,
,,,,,,,,,,,,,,,,,,,,,,,,,,,,,,,,,
,,,,,,,,,,,,,,,,,,,,,,,,,,,,,,,,,
,,,,,,,,,,,,,,,,,,,,,,,,,,,,,,,,,
,,,,,,,,,,,,,,,,,,,,,,,,,,,,,,,,,
,,,,,,,,,,,,,,,,,,,,,,,,,,,,,,,,,
,,,,,,,,,,,,,,,,,,,,,,,,,,,,,,,,,
,,,,,,,,,,,,,,,,,,,,,,,,,,,,,,,,,
,,,,,,,,,,,,,,,,,,,,,,,,,,,,,,,,,
,,,,,,,,,,,,,,,,,,,,,,,,,,,,,,,,,
,,,,,,,,,,,,,,,,,,,,,,,,,,,,,,,,,
,,,,,,,,,,,,,,,,,,,,,,,,,,,,,,,,,
,,,,,,,,,,,,,,,,,,,,,,,,,,,,,,,,,
,,,,,,,,,,,,,,,,,,,,,,,,,,,,,,,,,
,,,,,,,,,,,,,,,,,,,,,,,,,,,,,,,,,
,,,,,,,,,,,,,,,,,,,,,,,,,,,,,,,,,
,,,,,,,,,,,,,,,,,,,,,,,,,,,,,,,,,
,,,,,,,,,,,,,,,,,,,,,,,,,,,,,,,,,
,,,,,,,,,,,,,,,,,,,,,,,,,,,,,,,,,
,,,,,,,,,,,,,,,,,,,,,,,,,,,,,,,,,
,,,,,,,,,,,,,,,,,,,,,,,,,,,,,,,,,
,,,,,,,,,,,,,,,,,,,,,,,,,,,,,,,,,
,,,,,,,,,,,,,,,,,,,,,,,,,,,,,,,,,
,,,,,,,,,,,,,,,,,,,,,,,,,,,,,,,,,
,,,,,,,,,,,,,,,,,,,,,,,,,,,,,,,,,
,,,,,,,,,,,,,,,,,,,,,,,,,,,,,,,,,
,,,,,,,,,,,,,,,,,,,,,,,,,,,,,,,,,
,,,,,,,,,,,,,,,,,,,,,,,,,,,,,,,,,
,,,,,,,,,,,,,,,,,,,,,,,,,,,,,,,,,
,,,,,,,,,,,,,,,,,,,,,,,,,,,,,,,,,
,,,,,,,,,,,,,,,,,,,,,,,,,,,,,,,,,
,,,,,,,,,,,,,,,,,,,,,,,,,,,,,,,,,
,,,,,,,,,,,,,,,,,,,,,,,,,,,,,,,,,
,,,,,,,,,,,,,,,,,,,,,,,,,,,,,,,,,
,,,,,,,,,,,,,,,,,,,,,,,,,,,,,,,,,
,,,,,,,,,,,,,,,,,,,,,,,,,,,,,,,,,
,,,,,,,,,,,,,,,,,,,,,,,,,,,,,,,,,
,,,,,,,,,,,,,,,,,,,,,,,,,,,,,,,,,
,,,,,,,,,,,,,,,,,,,,,,,,,,,,,,,,,
,,,,,,,,,,,,,,,,,,,,,,,,,,,,,,,,,
,,,,,,,,,,,,,,,,,,,,,,,,,,,,,,,,,
,,,,,,,,,,,,,,,,,,,,,,,,,,,,,,,,,
,,,,,,,,,,,,,,,,,,,,,,,,,,,,,,,,,
,,,,,,,,,,,,,,,,,,,,,,,,,,,,,,,,,
,,,,,,,,,,,,,,,,,,,,,,,,,,,,,,,,,
,,,,,,,,,,,,,,,,,,,,,,,,,,,,,,,,,
,,,,,,,,,,,,,,,,,,,,,,,,,,,,,,,,,
,,,,,,,,,,,,,,,,,,,,,,,,,,,,,,,,,
,,,,,,,,,,,,,,,,,,,,,,,,,,,,,,,,,
,,,,,,,,,,,,,,,,,,,,,,,,,,,,,,,,,
,,,,,,,,,,,,,,,,,,,,,,,,,,,,,,,,,
,,,,,,,,,,,,,,,,,,,,,,,,,,,,,,,,,
,,,,,,,,,,,,,,,,,,,,,,,,,,,,,,,,,
,,,,,,,,,,,,,,,,,,,,,,,,,,,,,,,,,
,,,,,,,,,,,,,,,,,,,,,,,,,,,,,,,,,
,,,,,,,,,,,,,,,,,,,,,,,,,,,,,,,,,
,,,,,,,,,,,,,,,,,,,,,,,,,,,,,,,,,
,,,,,,,,,,,,,,,,,,,,,,,,,,,,,,,,,
,,,,,,,,,,,,,,,,,,,,,,,,,,,,,,,,,
,,,,,,,,,,,,,,,,,,,,,,,,,,,,,,,,,
,,,,,,,,,,,,,,,,,,,,,,,,,,,,,,,,,
,,,,,,,,,,,,,,,,,,,,,,,,,,,,,,,,,
,,,,,,,,,,,,,,,,,,,,,,,,,,,,,,,,,
,,,,,,,,,,,,,,,,,,,,,,,,,,,,,,,,,
,,,,,,,,,,,,,,,,,,,,,,,,,,,,,,,,,
,,,,,,,,,,,,,,,,,,,,,,,,,,,,,,,,,
,,,,,,,,,,,,,,,,,,,,,,,,,,,,,,,,,
,,,,,,,,,,,,,,,,,,,,,,,,,,,,,,,,,
,,,,,,,,,,,,,,,,,,,,,,,,,,,,,,,,,
,,,,,,,,,,,,,,,,,,,,,,,,,,,,,,,,,
,,,,,,,,,,,,,,,,,,,,,,,,,,,,,,,,,
,,,,,,,,,,,,,,,,,,,,,,,,,,,,,,,,,
,,,,,,,,,,,,,,,,,,,,,,,,,,,,,,,,,
,,,,,,,,,,,,,,,,,,,,,,,,,,,,,,,,,
,,,,,,,,,,,,,,,,,,,,,,,,,,,,,,,,,
,,,,,,,,,,,,,,,,,,,,,,,,,,,,,,,,,
,,,,,,,,,,,,,,,,,,,,,,,,,,,,,,,,,
,,,,,,,,,,,,,,,,,,,,,,,,,,,,,,,,,
,,,,,,,,,,,,,,,,,,,,,,,,,,,,,,,,,
,,,,,,,,,,,,,,,,,,,,,,,,,,,,,,,,,
,,,,,,,,,,,,,,,,,,,,,,,,,,,,,,,,,
,,,,,,,,,,,,,,,,,,,,,,,,,,,,,,,,,
,,,,,,,,,,,,,,,,,,,,,,,,,,,,,,,,,
,,,,,,,,,,,,,,,,,,,,,,,,,,,,,,,,,
,,,,,,,,,,,,,,,,,,,,,,,,,,,,,,,,,
,,,,,,,,,,,,,,,,,,,,,,,,,,,,,,,,,
,,,,,,,,,,,,,,,,,,,,,,,,,,,,,,,,,
,,,,,,,,,,,,,,,,,,,,,,,,,,,,,,,,,
,,,,,,,,,,,,,,,,,,,,,,,,,,,,,,,,,
,,,,,,,,,,,,,,,,,,,,,,,,,,,,,,,,,
,,,,,,,,,,,,,,,,,,,,,,,,,,,,,,,,,
,,,,,,,,,,,,,,,,,,,,,,,,,,,,,,,,,
,,,,,,,,,,,,,,,,,,,,,,,,,,,,,,,,,
,,,,,,,,,,,,,,,,,,,,,,,,,,,,,,,,,
,,,,,,,,,,,,,,,,,,,,,,,,,,,,,,,,,
,,,,,,,,,,,,,,,,,,,,,,,,,,,,,,,,,
,,,,,,,,,,,,,,,,,,,,,,,,,,,,,,,,,
,,,,,,,,,,,,,,,,,,,,,,,,,,,,,,,,,
,,,,,,,,,,,,,,,,,,,,,,,,,,,,,,,,,
,,,,,,,,,,,,,,,,,,,,,,,,,,,,,,,,,
,,,,,,,,,,,,,,,,,,,,,,,,,,,,,,,,,
,,,,,,,,,,,,,,,,,,,,,,,,,,,,,,,,,
,,,,,,,,,,,,,,,,,,,,,,,,,,,,,,,,,
,,,,,,,,,,,,,,,,,,,,,,,,,,,,,,,,,
,,,,,,,,,,,,,,,,,,,,,,,,,,,,,,,,,
,,,,,,,,,,,,,,,,,,,,,,,,,,,,,,,,,
,,,,,,,,,,,,,,,,,,,,,,,,,,,,,,,,,
,,,,,,,,,,,,,,,,,,,,,,,,,,,,,,,,,
,,,,,,,,,,,,,,,,,,,,,,,,,,,,,,,,,
,,,,,,,,,,,,,,,,,,,,,,,,,,,,,,,,,
,,,,,,,,,,,,,,,,,,,,,,,,,,,,,,,,,
,,,,,,,,,,,,,,,,,,,,,,,,,,,,,,,,,
,,,,,,,,,,,,,,,,,,,,,,,,,,,,,,,,,
,,,,,,,,,,,,,,,,,,,,,,,,,,,,,,,,,
,,,,,,,,,,,,,,,,,,,,,,,,,,,,,,,,,
,,,,,,,,,,,,,,,,,,,,,,,,,,,,,,,,,
,,,,,,,,,,,,,,,,,,,,,,,,,,,,,,,,,
,,,,,,,,,,,,,,,,,,,,,,,,,,,,,,,,,
,,,,,,,,,,,,,,,,,,,,,,,,,,,,,,,,,
,,,,,,,,,,,,,,,,,,,,,,,,,,,,,,,,,
,,,,,,,,,,,,,,,,,,,,,,,,,,,,,,,,,
,,,,,,,,,,,,,,,,,,,,,,,,,,,,,,,,,
,,,,,,,,,,,,,,,,,,,,,,,,,,,,,,,,,
,,,,,,,,,,,,,,,,,,,,,,,,,,,,,,,,,
,,,,,,,,,,,,,,,,,,,,,,,,,,,,,,,,,
,,,,,,,,,,,,,,,,,,,,,,,,,,,,,,,,,
,,,,,,,,,,,,,,,,,,,,,,,,,,,,,,,,,
,,,,,,,,,,,,,,,,,,,,,,,,,,,,,,,,,
,,,,,,,,,,,,,,,,,,,,,,,,,,,,,,,,,
,,,,,,,,,,,,,,,,,,,,,,,,,,,,,,,,,
,,,,,,,,,,,,,,,,,,,,,,,,,,,,,,,,,
,,,,,,,,,,,,,,,,,,,,,,,,,,,,,,,,,
,,,,,,,,,,,,,,,,,,,,,,,,,,,,,,,,,
,,,,,,,,,,,,,,,,,,,,,,,,,,,,,,,,,
,,,,,,,,,,,,,,,,,,,,,,,,,,,,,,,,,
,,,,,,,,,,,,,,,,,,,,,,,,,,,,,,,,,
,,,,,,,,,,,,,,,,,,,,,,,,,,,,,,,,,
,,,,,,,,,,,,,,,,,,,,,,,,,,,,,,,,,
,,,,,,,,,,,,,,,,,,,,,,,,,,,,,,,,,
,,,,,,,,,,,,,,,,,,,,,,,,,,,,,,,,,
,,,,,,,,,,,,,,,,,,,,,,,,,,,,,,,,,
,,,,,,,,,,,,,,,,,,,,,,,,,,,,,,,,,
,,,,,,,,,,,,,,,,,,,,,,,,,,,,,,,,,
,,,,,,,,,,,,,,,,,,,,,,,,,,,,,,,,,
,,,,,,,,,,,,,,,,,,,,,,,,,,,,,,,,,
,,,,,,,,,,,,,,,,,,,,,,,,,,,,,,,,,
,,,,,,,,,,,,,,,,,,,,,,,,,,,,,,,,,
,,,,,,,,,,,,,,,,,,,,,,,,,,,,,,,,,
,,,,,,,,,,,,,,,,,,,,,,,,,,,,,,,,,
,,,,,,,,,,,,,,,,,,,,,,,,,,,,,,,,,
,,,,,,,,,,,,,,,,,,,,,,,,,,,,,,,,,
,,,,,,,,,,,,,,,,,,,,,,,,,,,,,,,,,
,,,,,,,,,,,,,,,,,,,,,,,,,,,,,,,,,
,,,,,,,,,,,,,,,,,,,,,,,,,,,,,,,,,
,,,,,,,,,,,,,,,,,,,,,,,,,,,,,,,,,
,,,,,,,,,,,,,,,,,,,,,,,,,,,,,,,,,
,,,,,,,,,,,,,,,,,,,,,,,,,,,,,,,,,
,,,,,,,,,,,,,,,,,,,,,,,,,,,,,,,,,
,,,,,,,,,,,,,,,,,,,,,,,,,,,,,,,,,
,,,,,,,,,,,,,,,,,,,,,,,,,,,,,,,,,
,,,,,,,,,,,,,,,,,,,,,,,,,,,,,,,,,
,,,,,,,,,,,,,,,,,,,,,,,,,,,,,,,,,
,,,,,,,,,,,,,,,,,,,,,,,,,,,,,,,,,
,,,,,,,,,,,,,,,,,,,,,,,,,,,,,,,,,
,,,,,,,,,,,,,,,,,,,,,,,,,,,,,,,,,
,,,,,,,,,,,,,,,,,,,,,,,,,,,,,,,,,
,,,,,,,,,,,,,,,,,,,,,,,,,,,,,,,,,
,,,,,,,,,,,,,,,,,,,,,,,,,,,,,,,,,
,,,,,,,,,,,,,,,,,,,,,,,,,,,,,,,,,
,,,,,,,,,,,,,,,,,,,,,,,,,,,,,,,,,
,,,,,,,,,,,,,,,,,,,,,,,,,,,,,,,,,
,,,,,,,,,,,,,,,,,,,,,,,,,,,,,,,,,
,,,,,,,,,,,,,,,,,,,,,,,,,,,,,,,,,
,,,,,,,,,,,,,,,,,,,,,,,,,,,,,,,,,
,,,,,,,,,,,,,,,,,,,,,,,,,,,,,,,,,
,,,,,,,,,,,,,,,,,,,,,,,,,,,,,,,,,
,,,,,,,,,,,,,,,,,,,,,,,,,,,,,,,,,
,,,,,,,,,,,,,,,,,,,,,,,,,,,,,,,,,
,,,,,,,,,,,,,,,,,,,,,,,,,,,,,,,,,
,,,,,,,,,,,,,,,,,,,,,,,,,,,,,,,,,
,,,,,,,,,,,,,,,,,,,,,,,,,,,,,,,,,
,,,,,,,,,,,,,,,,,,,,,,,,,,,,,,,,,
,,,,,,,,,,,,,,,,,,,,,,,,,,,,,,,,,
,,,,,,,,,,,,,,,,,,,,,,,,,,,,,,,,,
,,,,,,,,,,,,,,,,,,,,,,,,,,,,,,,,,
,,,,,,,,,,,,,,,,,,,,,,,,,,,,,,,,,
,,,,,,,,,,,,,,,,,,,,,,,,,,,,,,,,,
,,,,,,,,,,,,,,,,,,,,,,,,,,,,,,,,,
,,,,,,,,,,,,,,,,,,,,,,,,,,,,,,,,,
,,,,,,,,,,,,,,,,,,,,,,,,,,,,,,,,,
,,,,,,,,,,,,,,,,,,,,,,,,,,,,,,,,,
,,,,,,,,,,,,,,,,,,,,,,,,,,,,,,,,,
,,,,,,,,,,,,,,,,,,,,,,,,,,,,,,,,,
,,,,,,,,,,,,,,,,,,,,,,,,,,,,,,,,,
,,,,,,,,,,,,,,,,,,,,,,,,,,,,,,,,,
,,,,,,,,,,,,,,,,,,,,,,,,,,,,,,,,,
,,,,,,,,,,,,,,,,,,,,,,,,,,,,,,,,,
,,,,,,,,,,,,,,,,,,,,,,,,,,,,,,,,,
,,,,,,,,,,,,,,,,,,,,,,,,,,,,,,,,,
,,,,,,,,,,,,,,,,,,,,,,,,,,,,,,,,,
,,,,,,,,,,,,,,,,,,,,,,,,,,,,,,,,,
,,,,,,,,,,,,,,,,,,,,,,,,,,,,,,,,,
,,,,,,,,,,,,,,,,,,,,,,,,,,,,,,,,,
,,,,,,,,,,,,,,,,,,,,,,,,,,,,,,,,,
,,,,,,,,,,,,,,,,,,,,,,,,,,,,,,,,,
,,,,,,,,,,,,,,,,,,,,,,,,,,,,,,,,,
,,,,,,,,,,,,,,,,,,,,,,,,,,,,,,,,,
,,,,,,,,,,,,,,,,,,,,,,,,,,,,,,,,,
,,,,,,,,,,,,,,,,,,,,,,,,,,,,,,,,,
,,,,,,,,,,,,,,,,,,,,,,,,,,,,,,,,,
,,,,,,,,,,,,,,,,,,,,,,,,,,,,,,,,,
,,,,,,,,,,,,,,,,,,,,,,,,,,,,,,,,,
,,,,,,,,,,,,,,,,,,,,,,,,,,,,,,,,,
,,,,,,,,,,,,,,,,,,,,,,,,,,,,,,,,,
,,,,,,,,,,,,,,,,,,,,,,,,,,,,,,,,,
,,,,,,,,,,,,,,,,,,,,,,,,,,,,,,,,,
,,,,,,,,,,,,,,,,,,,,,,,,,,,,,,,,,
,,,,,,,,,,,,,,,,,,,,,,,,,,,,,,,,,
,,,,,,,,,,,,,,,,,,,,,,,,,,,,,,,,,
,,,,,,,,,,,,,,,,,,,,,,,,,,,,,,,,,
,,,,,,,,,,,,,,,,,,,,,,,,,,,,,,,,,
,,,,,,,,,,,,,,,,,,,,,,,,,,,,,,,,,
,,,,,,,,,,,,,,,,,,,,,,,,,,,,,,,,,
,,,,,,,,,,,,,,,,,,,,,,,,,,,,,,,,,
,,,,,,,,,,,,,,,,,,,,,,,,,,,,,,,,,
,,,,,,,,,,,,,,,,,,,,,,,,,,,,,,,,,
,,,,,,,,,,,,,,,,,,,,,,,,,,,,,,,,,
,,,,,,,,,,,,,,,,,,,,,,,,,,,,,,,,,
,,,,,,,,,,,,,,,,,,,,,,,,,,,,,,,,,
,,,,,,,,,,,,,,,,,,,,,,,,,,,,,,,,,
,,,,,,,,,,,,,,,,,,,,,,,,,,,,,,,,,
,,,,,,,,,,,,,,,,,,,,,,,,,,,,,,,,,
,,,,,,,,,,,,,,,,,,,,,,,,,,,,,,,,,
,,,,,,,,,,,,,,,,,,,,,,,,,,,,,,,,,
,,,,,,,,,,,,,,,,,,,,,,,,,,,,,,,,,
,,,,,,,,,,,,,,,,,,,,,,,,,,,,,,,,,
,,,,,,,,,,,,,,,,,,,,,,,,,,,,,,,,,
,,,,,,,,,,,,,,,,,,,,,,,,,,,,,,,,,
,,,,,,,,,,,,,,,,,,,,,,,,,,,,,,,,,
,,,,,,,,,,,,,,,,,,,,,,,,,,,,,,,,,
,,,,,,,,,,,,,,,,,,,,,,,,,,,,,,,,,
,,,,,,,,,,,,,,,,,,,,,,,,,,,,,,,,,
,,,,,,,,,,,,,,,,,,,,,,,,,,,,,,,,,
,,,,,,,,,,,,,,,,,,,,,,,,,,,,,,,,,
,,,,,,,,,,,,,,,,,,,,,,,,,,,,,,,,,
,,,,,,,,,,,,,,,,,,,,,,,,,,,,,,,,,
,,,,,,,,,,,,,,,,,,,,,,,,,,,,,,,,,
,,,,,,,,,,,,,,,,,,,,,,,,,,,,,,,,,
,,,,,,,,,,,,,,,,,,,,,,,,,,,,,,,,,
,,,,,,,,,,,,,,,,,,,,,,,,,,,,,,,,,
,,,,,,,,,,,,,,,,,,,,,,,,,,,,,,,,,
,,,,,,,,,,,,,,,,,,,,,,,,,,,,,,,,,
,,,,,,,,,,,,,,,,,,,,,,,,,,,,,,,,,
,,,,,,,,,,,,,,,,,,,,,,,,,,,,,,,,,
,,,,,,,,,,,,,,,,,,,,,,,,,,,,,,,,,
,,,,,,,,,,,,,,,,,,,,,,,,,,,,,,,,,
,,,,,,,,,,,,,,,,,,,,,,,,,,,,,,,,,
,,,,,,,,,,,,,,,,,,,,,,,,,,,,,,,,,
,,,,,,,,,,,,,,,,,,,,,,,,,,,,,,,,,
,,,,,,,,,,,,,,,,,,,,,,,,,,,,,,,,,
,,,,,,,,,,,,,,,,,,,,,,,,,,,,,,,,,
,,,,,,,,,,,,,,,,,,,,,,,,,,,,,,,,,
,,,,,,,,,,,,,,,,,,,,,,,,,,,,,,,,,
,,,,,,,,,,,,,,,,,,,,,,,,,,,,,,,,,
,,,,,,,,,,,,,,,,,,,,,,,,,,,,,,,,,
,,,,,,,,,,,,,,,,,,,,,,,,,,,,,,,,,
,,,,,,,,,,,,,,,,,,,,,,,,,,,,,,,,,
,,,,,,,,,,,,,,,,,,,,,,,,,,,,,,,,,
,,,,,,,,,,,,,,,,,,,,,,,,,,,,,,,,,
,,,,,,,,,,,,,,,,,,,,,,,,,,,,,,,,,
,,,,,,,,,,,,,,,,,,,,,,,,,,,,,,,,,
,,,,,,,,,,,,,,,,,,,,,,,,,,,,,,,,,
,,,,,,,,,,,,,,,,,,,,,,,,,,,,,,,,,
,,,,,,,,,,,,,,,,,,,,,,,,,,,,,,,,,
,,,,,,,,,,,,,,,,,,,,,,,,,,,,,,,,,
,,,,,,,,,,,,,,,,,,,,,,,,,,,,,,,,,
,,,,,,,,,,,,,,,,,,,,,,,,,,,,,,,,,
,,,,,,,,,,,,,,,,,,,,,,,,,,,,,,,,,
,,,,,,,,,,,,,,,,,,,,,,,,,,,,,,,,,
,,,,,,,,,,,,,,,,,,,,,,,,,,,,,,,,,
,,,,,,,,,,,,,,,,,,,,,,,,,,,,,,,,,
,,,,,,,,,,,,,,,,,,,,,,,,,,,,,,,,,
,,,,,,,,,,,,,,,,,,,,,,,,,,,,,,,,,
,,,,,,,,,,,,,,,,,,,,,,,,,,,,,,,,,
,,,,,,,,,,,,,,,,,,,,,,,,,,,,,,,,,
,,,,,,,,,,,,,,,,,,,,,,,,,,,,,,,,,
,,,,,,,,,,,,,,,,,,,,,,,,,,,,,,,,,
,,,,,,,,,,,,,,,,,,,,,,,,,,,,,,,,,
,,,,,,,,,,,,,,,,,,,,,,,,,,,,,,,,,
,,,,,,,,,,,,,,,,,,,,,,,,,,,,,,,,,
,,,,,,,,,,,,,,,,,,,,,,,,,,,,,,,,,
,,,,,,,,,,,,,,,,,,,,,,,,,,,,,,,,,
,,,,,,,,,,,,,,,,,,,,,,,,,,,,,,,,,
,,,,,,,,,,,,,,,,,,,,,,,,,,,,,,,,,
,,,,,,,,,,,,,,,,,,,,,,,,,,,,,,,,,
,,,,,,,,,,,,,,,,,,,,,,,,,,,,,,,,,
,,,,,,,,,,,,,,,,,,,,,,,,,,,,,,,,,
,,,,,,,,,,,,,,,,,,,,,,,,,,,,,,,,,
,,,,,,,,,,,,,,,,,,,,,,,,,,,,,,,,,
,,,,,,,,,,,,,,,,,,,,,,,,,,,,,,,,,
,,,,,,,,,,,,,,,,,,,,,,,,,,,,,,,,,
,,,,,,,,,,,,,,,,,,,,,,,,,,,,,,,,,
,,,,,,,,,,,,,,,,,,,,,,,,,,,,,,,,,
,,,,,,,,,,,,,,,,,,,,,,,,,,,,,,,,,
,,,,,,,,,,,,,,,,,,,,,,,,,,,,,,,,,
,,,,,,,,,,,,,,,,,,,,,,,,,,,,,,,,,
,,,,,,,,,,,,,,,,,,,,,,,,,,,,,,,,,
,,,,,,,,,,,,,,,,,,,,,,,,,,,,,,,,,
,,,,,,,,,,,,,,,,,,,,,,,,,,,,,,,,,
,,,,,,,,,,,,,,,,,,,,,,,,,,,,,,,,,
,,,,,,,,,,,,,,,,,,,,,,,,,,,,,,,,,
,,,,,,,,,,,,,,,,,,,,,,,,,,,,,,,,,
,,,,,,,,,,,,,,,,,,,,,,,,,,,,,,,,,
,,,,,,,,,,,,,,,,,,,,,,,,,,,,,,,,,
,,,,,,,,,,,,,,,,,,,,,,,,,,,,,,,,,
,,,,,,,,,,,,,,,,,,,,,,,,,,,,,,,,,
,,,,,,,,,,,,,,,,,,,,,,,,,,,,,,,,,
,,,,,,,,,,,,,,,,,,,,,,,,,,,,,,,,,
,,,,,,,,,,,,,,,,,,,,,,,,,,,,,,,,,
,,,,,,,,,,,,,,,,,,,,,,,,,,,,,,,,,
,,,,,,,,,,,,,,,,,,,,,,,,,,,,,,,,,
,,,,,,,,,,,,,,,,,,,,,,,,,,,,,,,,,
,,,,,,,,,,,,,,,,,,,,,,,,,,,,,,,,,
,,,,,,,,,,,,,,,,,,,,,,,,,,,,,,,,,
,,,,,,,,,,,,,,,,,,,,,,,,,,,,,,,,,
,,,,,,,,,,,,,,,,,,,,,,,,,,,,,,,,,
,,,,,,,,,,,,,,,,,,,,,,,,,,,,,,,,,
,,,,,,,,,,,,,,,,,,,,,,,,,,,,,,,,,
,,,,,,,,,,,,,,,,,,,,,,,,,,,,,,,,,
,,,,,,,,,,,,,,,,,,,,,,,,,,,,,,,,,
,,,,,,,,,,,,,,,,,,,,,,,,,,,,,,,,,
,,,,,,,,,,,,,,,,,,,,,,,,,,,,,,,,,
,,,,,,,,,,,,,,,,,,,,,,,,,,,,,,,,,
,,,,,,,,,,,,,,,,,,,,,,,,,,,,,,,,,
,,,,,,,,,,,,,,,,,,,,,,,,,,,,,,,,,
,,,,,,,,,,,,,,,,,,,,,,,,,,,,,,,,,
,,,,,,,,,,,,,,,,,,,,,,,,,,,,,,,,,
,,,,,,,,,,,,,,,,,,,,,,,,,,,,,,,,,
,,,,,,,,,,,,,,,,,,,,,,,,,,,,,,,,,
,,,,,,,,,,,,,,,,,,,,,,,,,,,,,,,,,
,,,,,,,,,,,,,,,,,,,,,,,,,,,,,,,,,
,,,,,,,,,,,,,,,,,,,,,,,,,,,,,,,,,
,,,,,,,,,,,,,,,,,,,,,,,,,,,,,,,,,
,,,,,,,,,,,,,,,,,,,,,,,,,,,,,,,,,
,,,,,,,,,,,,,,,,,,,,,,,,,,,,,,,,,
,,,,,,,,,,,,,,,,,,,,,,,,,,,,,,,,,
,,,,,,,,,,,,,,,,,,,,,,,,,,,,,,,,,
,,,,,,,,,,,,,,,,,,,,,,,,,,,,,,,,,
,,,,,,,,,,,,,,,,,,,,,,,,,,,,,,,,,
,,,,,,,,,,,,,,,,,,,,,,,,,,,,,,,,,
,,,,,,,,,,,,,,,,,,,,,,,,,,,,,,,,,
,,,,,,,,,,,,,,,,,,,,,,,,,,,,,,,,,
,,,,,,,,,,,,,,,,,,,,,,,,,,,,,,,,,
,,,,,,,,,,,,,,,,,,,,,,,,,,,,,,,,,
,,,,,,,,,,,,,,,,,,,,,,,,,,,,,,,,,
,,,,,,,,,,,,,,,,,,,,,,,,,,,,,,,,,
,,,,,,,,,,,,,,,,,,,,,,,,,,,,,,,,,
,,,,,,,,,,,,,,,,,,,,,,,,,,,,,,,,,
,,,,,,,,,,,,,,,,,,,,,,,,,,,,,,,,,
,,,,,,,,,,,,,,,,,,,,,,,,,,,,,,,,,
,,,,,,,,,,,,,,,,,,,,,,,,,,,,,,,,,
,,,,,,,,,,,,,,,,,,,,,,,,,,,,,,,,,
,,,,,,,,,,,,,,,,,,,,,,,,,,,,,,,,,
,,,,,,,,,,,,,,,,,,,,,,,,,,,,,,,,,
,,,,,,,,,,,,,,,,,,,,,,,,,,,,,,,,,
,,,,,,,,,,,,,,,,,,,,,,,,,,,,,,,,,
,,,,,,,,,,,,,,,,,,,,,,,,,,,,,,,,,
,,,,,,,,,,,,,,,,,,,,,,,,,,,,,,,,,
,,,,,,,,,,,,,,,,,,,,,,,,,,,,,,,,,
,,,,,,,,,,,,,,,,,,,,,,,,,,,,,,,,,
,,,,,,,,,,,,,,,,,,,,,,,,,,,,,,,,,
,,,,,,,,,,,,,,,,,,,,,,,,,,,,,,,,,
,,,,,,,,,,,,,,,,,,,,,,,,,,,,,,,,,
,,,,,,,,,,,,,,,,,,,,,,,,,,,,,,,,,
,,,,,,,,,,,,,,,,,,,,,,,,,,,,,,,,,
,,,,,,,,,,,,,,,,,,,,,,,,,,,,,,,,,
,,,,,,,,,,,,,,,,,,,,,,,,,,,,,,,,,
,,,,,,,,,,,,,,,,,,,,,,,,,,,,,,,,,
,,,,,,,,,,,,,,,,,,,,,,,,,,,,,,,,,
,,,,,,,,,,,,,,,,,,,,,,,,,,,,,,,,,
,,,,,,,,,,,,,,,,,,,,,,,,,,,,,,,,,
,,,,,,,,,,,,,,,,,,,,,,,,,,,,,,,,,
,,,,,,,,,,,,,,,,,,,,,,,,,,,,,,,,,
,,,,,,,,,,,,,,,,,,,,,,,,,,,,,,,,,
,,,,,,,,,,,,,,,,,,,,,,,,,,,,,,,,,
,,,,,,,,,,,,,,,,,,,,,,,,,,,,,,,,,
,,,,,,,,,,,,,,,,,,,,,,,,,,,,,,,,,
,,,,,,,,,,,,,,,,,,,,,,,,,,,,,,,,,
,,,,,,,,,,,,,,,,,,,,,,,,,,,,,,,,,
,,,,,,,,,,,,,,,,,,,,,,,,,,,,,,,,,
,,,,,,,,,,,,,,,,,,,,,,,,,,,,,,,,,
,,,,,,,,,,,,,,,,,,,,,,,,,,,,,,,,,
,,,,,,,,,,,,,,,,,,,,,,,,,,,,,,,,,
,,,,,,,,,,,,,,,,,,,,,,,,,,,,,,,,,
,,,,,,,,,,,,,,,,,,,,,,,,,,,,,,,,,
,,,,,,,,,,,,,,,,,,,,,,,,,,,,,,,,,
,,,,,,,,,,,,,,,,,,,,,,,,,,,,,,,,,
,,,,,,,,,,,,,,,,,,,,,,,,,,,,,,,,,
,,,,,,,,,,,,,,,,,,,,,,,,,,,,,,,,,
,,,,,,,,,,,,,,,,,,,,,,,,,,,,,,,,,
,,,,,,,,,,,,,,,,,,,,,,,,,,,,,,,,,
,,,,,,,,,,,,,,,,,,,,,,,,,,,,,,,,,
,,,,,,,,,,,,,,,,,,,,,,,,,,,,,,,,,
,,,,,,,,,,,,,,,,,,,,,,,,,,,,,,,,,
,,,,,,,,,,,,,,,,,,,,,,,,,,,,,,,,,
,,,,,,,,,,,,,,,,,,,,,,,,,,,,,,,,,
,,,,,,,,,,,,,,,,,,,,,,,,,,,,,,,,,
,,,,,,,,,,,,,,,,,,,,,,,,,,,,,,,,,
,,,,,,,,,,,,,,,,,,,,,,,,,,,,,,,,,
,,,,,,,,,,,,,,,,,,,,,,,,,,,,,,,,,
,,,,,,,,,,,,,,,,,,,,,,,,,,,,,,,,,
,,,,,,,,,,,,,,,,,,,,,,,,,,,,,,,,,
,,,,,,,,,,,,,,,,,,,,,,,,,,,,,,,,,
,,,,,,,,,,,,,,,,,,,,,,,,,,,,,,,,,
,,,,,,,,,,,,,,,,,,,,,,,,,,,,,,,,,
,,,,,,,,,,,,,,,,,,,,,,,,,,,,,,,,,
,,,,,,,,,,,,,,,,,,,,,,,,,,,,,,,,,
,,,,,,,,,,,,,,,,,,,,,,,,,,,,,,,,,
,,,,,,,,,,,,,,,,,,,,,,,,,,,,,,,,,
,,,,,,,,,,,,,,,,,,,,,,,,,,,,,,,,,
,,,,,,,,,,,,,,,,,,,,,,,,,,,,,,,,,
,,,,,,,,,,,,,,,,,,,,,,,,,,,,,,,,,
,,,,,,,,,,,,,,,,,,,,,,,,,,,,,,,,,
,,,,,,,,,,,,,,,,,,,,,,,,,,,,,,,,,
,,,,,,,,,,,,,,,,,,,,,,,,,,,,,,,,,
,,,,,,,,,,,,,,,,,,,,,,,,,,,,,,,,,
,,,,,,,,,,,,,,,,,,,,,,,,,,,,,,,,,
,,,,,,,,,,,,,,,,,,,,,,,,,,,,,,,,,
,,,,,,,,,,,,,,,,,,,,,,,,,,,,,,,,,
,,,,,,,,,,,,,,,,,,,,,,,,,,,,,,,,,
,,,,,,,,,,,,,,,,,,,,,,,,,,,,,,,,,
,,,,,,,,,,,,,,,,,,,,,,,,,,,,,,,,,
,,,,,,,,,,,,,,,,,,,,,,,,,,,,,,,,,
,,,,,,,,,,,,,,,,,,,,,,,,,,,,,,,,,
,,,,,,,,,,,,,,,,,,,,,,,,,,,,,,,,,
,,,,,,,,,,,,,,,,,,,,,,,,,,,,,,,,,
,,,,,,,,,,,,,,,,,,,,,,,,,,,,,,,,,
,,,,,,,,,,,,,,,,,,,,,,,,,,,,,,,,,
,,,,,,,,,,,,,,,,,,,,,,,,,,,,,,,,,
,,,,,,,,,,,,,,,,,,,,,,,,,,,,,,,,,
,,,,,,,,,,,,,,,,,,,,,,,,,,,,,,,,,
,,,,,,,,,,,,,,,,,,,,,,,,,,,,,,,,,
,,,,,,,,,,,,,,,,,,,,,,,,,,,,,,,,,
,,,,,,,,,,,,,,,,,,,,,,,,,,,,,,,,,
,,,,,,,,,,,,,,,,,,,,,,,,,,,,,,,,,
,,,,,,,,,,,,,,,,,,,,,,,,,,,,,,,,,
,,,,,,,,,,,,,,,,,,,,,,,,,,,,,,,,,
,,,,,,,,,,,,,,,,,,,,,,,,,,,,,,,,,
,,,,,,,,,,,,,,,,,,,,,,,,,,,,,,,,,
,,,,,,,,,,,,,,,,,,,,,,,,,,,,,,,,,
,,,,,,,,,,,,,,,,,,,,,,,,,,,,,,,,,
,,,,,,,,,,,,,,,,,,,,,,,,,,,,,,,,,
,,,,,,,,,,,,,,,,,,,,,,,,,,,,,,,,,
,,,,,,,,,,,,,,,,,,,,,,,,,,,,,,,,,
,,,,,,,,,,,,,,,,,,,,,,,,,,,,,,,,,
,,,,,,,,,,,,,,,,,,,,,,,,,,,,,,,,,
,,,,,,,,,,,,,,,,,,,,,,,,,,,,,,,,,
,,,,,,,,,,,,,,,,,,,,,,,,,,,,,,,,,
,,,,,,,,,,,,,,,,,,,,,,,,,,,,,,,,,
,,,,,,,,,,,,,,,,,,,,,,,,,,,,,,,,,
,,,,,,,,,,,,,,,,,,,,,,,,,,,,,,,,,
,,,,,,,,,,,,,,,,,,,,,,,,,,,,,,,,,
,,,,,,,,,,,,,,,,,,,,,,,,,,,,,,,,,
,,,,,,,,,,,,,,,,,,,,,,,,,,,,,,,,,
,,,,,,,,,,,,,,,,,,,,,,,,,,,,,,,,,
,,,,,,,,,,,,,,,,,,,,,,,,,,,,,,,,,
,,,,,,,,,,,,,,,,,,,,,,,,,,,,,,,,,
,,,,,,,,,,,,,,,,,,,,,,,,,,,,,,,,,
,,,,,,,,,,,,,,,,,,,,,,,,,,,,,,,,,
,,,,,,,,,,,,,,,,,,,,,,,,,,,,,,,,,
,,,,,,,,,,,,,,,,,,,,,,,,,,,,,,,,,
,,,,,,,,,,,,,,,,,,,,,,,,,,,,,,,,,
,,,,,,,,,,,,,,,,,,,,,,,,,,,,,,,,,
,,,,,,,,,,,,,,,,,,,,,,,,,,,,,,,,,
,,,,,,,,,,,,,,,,,,,,,,,,,,,,,,,,,
,,,,,,,,,,,,,,,,,,,,,,,,,,,,,,,,,
,,,,,,,,,,,,,,,,,,,,,,,,,,,,,,,,,
,,,,,,,,,,,,,,,,,,,,,,,,,,,,,,,,,
,,,,,,,,,,,,,,,,,,,,,,,,,,,,,,,,,
,,,,,,,,,,,,,,,,,,,,,,,,,,,,,,,,,
,,,,,,,,,,,,,,,,,,,,,,,,,,,,,,,,,
,,,,,,,,,,,,,,,,,,,,,,,,,,,,,,,,,
,,,,,,,,,,,,,,,,,,,,,,,,,,,,,,,,,
,,,,,,,,,,,,,,,,,,,,,,,,,,,,,,,,,
,,,,,,,,,,,,,,,,,,,,,,,,,,,,,,,,,
,,,,,,,,,,,,,,,,,,,,,,,,,,,,,,,,,
,,,,,,,,,,,,,,,,,,,,,,,,,,,,,,,,,
,,,,,,,,,,,,,,,,,,,,,,,,,,,,,,,,,
,,,,,,,,,,,,,,,,,,,,,,,,,,,,,,,,,
,,,,,,,,,,,,,,,,,,,,,,,,,,,,,,,,,
,,,,,,,,,,,,,,,,,,,,,,,,,,,,,,,,,
,,,,,,,,,,,,,,,,,,,,,,,,,,,,,,,,,
,,,,,,,,,,,,,,,,,,,,,,,,,,,,,,,,,
,,,,,,,,,,,,,,,,,,,,,,,,,,,,,,,,,
,,,,,,,,,,,,,,,,,,,,,,,,,,,,,,,,,
,,,,,,,,,,,,,,,,,,,,,,,,,,,,,,,,,
,,,,,,,,,,,,,,,,,,,,,,,,,,,,,,,,,
,,,,,,,,,,,,,,,,,,,,,,,,,,,,,,,,,
,,,,,,,,,,,,,,,,,,,,,,,,,,,,,,,,,
,,,,,,,,,,,,,,,,,,,,,,,,,,,,,,,,,
,,,,,,,,,,,,,,,,,,,,,,,,,,,,,,,,,
,,,,,,,,,,,,,,,,,,,,,,,,,,,,,,,,,
,,,,,,,,,,,,,,,,,,,,,,,,,,,,,,,,,
,,,,,,,,,,,,,,,,,,,,,,,,,,,,,,,,,
,,,,,,,,,,,,,,,,,,,,,,,,,,,,,,,,,
,,,,,,,,,,,,,,,,,,,,,,,,,,,,,,,,,
,,,,,,,,,,,,,,,,,,,,,,,,,,,,,,,,,
,,,,,,,,,,,,,,,,,,,,,,,,,,,,,,,,,
,,,,,,,,,,,,,,,,,,,,,,,,,,,,,,,,,
,,,,,,,,,,,,,,,,,,,,,,,,,,,,,,,,,
,,,,,,,,,,,,,,,,,,,,,,,,,,,,,,,,,
,,,,,,,,,,,,,,,,,,,,,,,,,,,,,,,,,
,,,,,,,,,,,,,,,,,,,,,,,,,,,,,,,,,
,,,,,,,,,,,,,,,,,,,,,,,,,,,,,,,,,
,,,,,,,,,,,,,,,,,,,,,,,,,,,,,,,,,
,,,,,,,,,,,,,,,,,,,,,,,,,,,,,,,,,
,,,,,,,,,,,,,,,,,,,,,,,,,,,,,,,,,
,,,,,,,,,,,,,,,,,,,,,,,,,,,,,,,,,
,,,,,,,,,,,,,,,,,,,,,,,,,,,,,,,,,
,,,,,,,,,,,,,,,,,,,,,,,,,,,,,,,,,
,,,,,,,,,,,,,,,,,,,,,,,,,,,,,,,,,
,,,,,,,,,,,,,,,,,,,,,,,,,,,,,,,,,
,,,,,,,,,,,,,,,,,,,,,,,,,,,,,,,,,
,,,,,,,,,,,,,,,,,,,,,,,,,,,,,,,,,
,,,,,,,,,,,,,,,,,,,,,,,,,,,,,,,,,
,,,,,,,,,,,,,,,,,,,,,,,,,,,,,,,,,
,,,,,,,,,,,,,,,,,,,,,,,,,,,,,,,,,
,,,,,,,,,,,,,,,,,,,,,,,,,,,,,,,,,
,,,,,,,,,,,,,,,,,,,,,,,,,,,,,,,,,
,,,,,,,,,,,,,,,,,,,,,,,,,,,,,,,,,
,,,,,,,,,,,,,,,,,,,,,,,,,,,,,,,,,
,,,,,,,,,,,,,,,,,,,,,,,,,,,,,,,,,
,,,,,,,,,,,,,,,,,,,,,,,,,,,,,,,,,
,,,,,,,,,,,,,,,,,,,,,,,,,,,,,,,,,
,,,,,,,,,,,,,,,,,,,,,,,,,,,,,,,,,
,,,,,,,,,,,,,,,,,,,,,,,,,,,,,,,,,
,,,,,,,,,,,,,,,,,,,,,,,,,,,,,,,,,
,,,,,,,,,,,,,,,,,,,,,,,,,,,,,,,,,
,,,,,,,,,,,,,,,,,,,,,,,,,,,,,,,,,
,,,,,,,,,,,,,,,,,,,,,,,,,,,,,,,,,
,,,,,,,,,,,,,,,,,,,,,,,,,,,,,,,,,
,,,,,,,,,,,,,,,,,,,,,,,,,,,,,,,,,
,,,,,,,,,,,,,,,,,,,,,,,,,,,,,,,,,
,,,,,,,,,,,,,,,,,,,,,,,,,,,,,,,,,
,,,,,,,,,,,,,,,,,,,,,,,,,,,,,,,,,
,,,,,,,,,,,,,,,,,,,,,,,,,,,,,,,,,
,,,,,,,,,,,,,,,,,,,,,,,,,,,,,,,,,
,,,,,,,,,,,,,,,,,,,,,,,,,,,,,,,,,
,,,,,,,,,,,,,,,,,,,,,,,,,,,,,,,,,
,,,,,,,,,,,,,,,,,,,,,,,,,,,,,,,,,
,,,,,,,,,,,,,,,,,,,,,,,,,,,,,,,,,
,,,,,,,,,,,,,,,,,,,,,,,,,,,,,,,,,
,,,,,,,,,,,,,,,,,,,,,,,,,,,,,,,,,
,,,,,,,,,,,,,,,,,,,,,,,,,,,,,,,,,
,,,,,,,,,,,,,,,,,,,,,,,,,,,,,,,,,
,,,,,,,,,,,,,,,,,,,,,,,,,,,,,,,,,
,,,,,,,,,,,,,,,,,,,,,,,,,,,,,,,,,
,,,,,,,,,,,,,,,,,,,,,,,,,,,,,,,,,
,,,,,,,,,,,,,,,,,,,,,,,,,,,,,,,,,
,,,,,,,,,,,,,,,,,,,,,,,,,,,,,,,,,
,,,,,,,,,,,,,,,,,,,,,,,,,,,,,,,,,
,,,,,,,,,,,,,,,,,,,,,,,,,,,,,,,,,
,,,,,,,,,,,,,,,,,,,,,,,,,,,,,,,,,
,,,,,,,,,,,,,,,,,,,,,,,,,,,,,,,,,
,,,,,,,,,,,,,,,,,,,,,,,,,,,,,,,,,
,,,,,,,,,,,,,,,,,,,,,,,,,,,,,,,,,
,,,,,,,,,,,,,,,,,,,,,,,,,,,,,,,,,
,,,,,,,,,,,,,,,,,,,,,,,,,,,,,,,,,
,,,,,,,,,,,,,,,,,,,,,,,,,,,,,,,,,
,,,,,,,,,,,,,,,,,,,,,,,,,,,,,,,,,
,,,,,,,,,,,,,,,,,,,,,,,,,,,,,,,,,
,,,,,,,,,,,,,,,,,,,,,,,,,,,,,,,,,
,,,,,,,,,,,,,,,,,,,,,,,,,,,,,,,,,
,,,,,,,,,,,,,,,,,,,,,,,,,,,,,,,,,
,,,,,,,,,,,,,,,,,,,,,,,,,,,,,,,,,
,,,,,,,,,,,,,,,,,,,,,,,,,,,,,,,,,
,,,,,,,,,,,,,,,,,,,,,,,,,,,,,,,,,
,,,,,,,,,,,,,,,,,,,,,,,,,,,,,,,,,
,,,,,,,,,,,,,,,,,,,,,,,,,,,,,,,,,
,,,,,,,,,,,,,,,,,,,,,,,,,,,,,,,,,
,,,,,,,,,,,,,,,,,,,,,,,,,,,,,,,,,
,,,,,,,,,,,,,,,,,,,,,,,,,,,,,,,,,
,,,,,,,,,,,,,,,,,,,,,,,,,,,,,,,,,
,,,,,,,,,,,,,,,,,,,,,,,,,,,,,,,,,
,,,,,,,,,,,,,,,,,,,,,,,,,,,,,,,,,
,,,,,,,,,,,,,,,,,,,,,,,,,,,,,,,,,
,,,,,,,,,,,,,,,,,,,,,,,,,,,,,,,,,
,,,,,,,,,,,,,,,,,,,,,,,,,,,,,,,,,
,,,,,,,,,,,,,,,,,,,,,,,,,,,,,,,,,
,,,,,,,,,,,,,,,,,,,,,,,,,,,,,,,,,
,,,,,,,,,,,,,,,,,,,,,,,,,,,,,,,,,
,,,,,,,,,,,,,,,,,,,,,,,,,,,,,,,,,
,,,,,,,,,,,,,,,,,,,,,,,,,,,,,,,,,
,,,,,,,,,,,,,,,,,,,,,,,,,,,,,,,,,
,,,,,,,,,,,,,,,,,,,,,,,,,,,,,,,,,
,,,,,,,,,,,,,,,,,,,,,,,,,,,,,,,,,
,,,,,,,,,,,,,,,,,,,,,,,,,,,,,,,,,
,,,,,,,,,,,,,,,,,,,,,,,,,,,,,,,,,
,,,,,,,,,,,,,,,,,,,,,,,,,,,,,,,,,
,,,,,,,,,,,,,,,,,,,,,,,,,,,,,,,,,
,,,,,,,,,,,,,,,,,,,,,,,,,,,,,,,,,
,,,,,,,,,,,,,,,,,,,,,,,,,,,,,,,,,
,,,,,,,,,,,,,,,,,,,,,,,,,,,,,,,,,
,,,,,,,,,,,,,,,,,,,,,,,,,,,,,,,,,
,,,,,,,,,,,,,,,,,,,,,,,,,,,,,,,,,
,,,,,,,,,,,,,,,,,,,,,,,,,,,,,,,,,
,,,,,,,,,,,,,,,,,,,,,,,,,,,,,,,,,
,,,,,,,,,,,,,,,,,,,,,,,,,,,,,,,,,
,,,,,,,,,,,,,,,,,,,,,,,,,,,,,,,,,
,,,,,,,,,,,,,,,,,,,,,,,,,,,,,,,,,
,,,,,,,,,,,,,,,,,,,,,,,,,,,,,,,,,
,,,,,,,,,,,,,,,,,,,,,,,,,,,,,,,,,
,,,,,,,,,,,,,,,,,,,,,,,,,,,,,,,,,
,,,,,,,,,,,,,,,,,,,,,,,,,,,,,,,,,
,,,,,,,,,,,,,,,,,,,,,,,,,,,,,,,,,
,,,,,,,,,,,,,,,,,,,,,,,,,,,,,,,,,
,,,,,,,,,,,,,,,,,,,,,,,,,,,,,,,,,
,,,,,,,,,,,,,,,,,,,,,,,,,,,,,,,,,
,,,,,,,,,,,,,,,,,,,,,,,,,,,,,,,,,
,,,,,,,,,,,,,,,,,,,,,,,,,,,,,,,,,
,,,,,,,,,,,,,,,,,,,,,,,,,,,,,,,,,
,,,,,,,,,,,,,,,,,,,,,,,,,,,,,,,,,
,,,,,,,,,,,,,,,,,,,,,,,,,,,,,,,,,
,,,,,,,,,,,,,,,,,,,,,,,,,,,,,,,,,
,,,,,,,,,,,,,,,,,,,,,,,,,,,,,,,,,
,,,,,,,,,,,,,,,,,,,,,,,,,,,,,,,,,
,,,,,,,,,,,,,,,,,,,,,,,,,,,,,,,,,
,,,,,,,,,,,,,,,,,,,,,,,,,,,,,,,,,
,,,,,,,,,,,,,,,,,,,,,,,,,,,,,,,,,
,,,,,,,,,,,,,,,,,,,,,,,,,,,,,,,,,
,,,,,,,,,,,,,,,,,,,,,,,,,,,,,,,,,
,,,,,,,,,,,,,,,,,,,,,,,,,,,,,,,,,
,,,,,,,,,,,,,,,,,,,,,,,,,,,,,,,,,
,,,,,,,,,,,,,,,,,,,,,,,,,,,,,,,,,
,,,,,,,,,,,,,,,,,,,,,,,,,,,,,,,,,
,,,,,,,,,,,,,,,,,,,,,,,,,,,,,,,,,
,,,,,,,,,,,,,,,,,,,,,,,,,,,,,,,,,
,,,,,,,,,,,,,,,,,,,,,,,,,,,,,,,,,
,,,,,,,,,,,,,,,,,,,,,,,,,,,,,,,,,
,,,,,,,,,,,,,,,,,,,,,,,,,,,,,,,,,
,,,,,,,,,,,,,,,,,,,,,,,,,,,,,,,,,
,,,,,,,,,,,,,,,,,,,,,,,,,,,,,,,,,
,,,,,,,,,,,,,,,,,,,,,,,,,,,,,,,,,
,,,,,,,,,,,,,,,,,,,,,,,,,,,,,,,,,
,,,,,,,,,,,,,,,,,,,,,,,,,,,,,,,,,
,,,,,,,,,,,,,,,,,,,,,,,,,,,,,,,,,
,,,,,,,,,,,,,,,,,,,,,,,,,,,,,,,,,
,,,,,,,,,,,,,,,,,,,,,,,,,,,,,,,,,
,,,,,,,,,,,,,,,,,,,,,,,,,,,,,,,,,
,,,,,,,,,,,,,,,,,,,,,,,,,,,,,,,,,
,,,,,,,,,,,,,,,,,,,,,,,,,,,,,,,,,
,,,,,,,,,,,,,,,,,,,,,,,,,,,,,,,,,
,,,,,,,,,,,,,,,,,,,,,,,,,,,,,,,,,
,,,,,,,,,,,,,,,,,,,,,,,,,,,,,,,,,
,,,,,,,,,,,,,,,,,,,,,,,,,,,,,,,,,
,,,,,,,,,,,,,,,,,,,,,,,,,,,,,,,,,
,,,,,,,,,,,,,,,,,,,,,,,,,,,,,,,,,
,,,,,,,,,,,,,,,,,,,,,,,,,,,,,,,,,
,,,,,,,,,,,,,,,,,,,,,,,,,,,,,,,,,
,,,,,,,,,,,,,,,,,,,,,,,,,,,,,,,,,
,,,,,,,,,,,,,,,,,,,,,,,,,,,,,,,,,
,,,,,,,,,,,,,,,,,,,,,,,,,,,,,,,,,
,,,,,,,,,,,,,,,,,,,,,,,,,,,,,,,,,
,,,,,,,,,,,,,,,,,,,,,,,,,,,,,,,,,
,,,,,,,,,,,,,,,,,,,,,,,,,,,,,,,,,
,,,,,,,,,,,,,,,,,,,,,,,,,,,,,,,,,
,,,,,,,,,,,,,,,,,,,,,,,,,,,,,,,,,
,,,,,,,,,,,,,,,,,,,,,,,,,,,,,,,,,
,,,,,,,,,,,,,,,,,,,,,,,,,,,,,,,,,
,,,,,,,,,,,,,,,,,,,,,,,,,,,,,,,,,
,,,,,,,,,,,,,,,,,,,,,,,,,,,,,,,,,
,,,,,,,,,,,,,,,,,,,,,,,,,,,,,,,,,
,,,,,,,,,,,,,,,,,,,,,,,,,,,,,,,,,
,,,,,,,,,,,,,,,,,,,,,,,,,,,,,,,,,
,,,,,,,,,,,,,,,,,,,,,,,,,,,,,,,,,
,,,,,,,,,,,,,,,,,,,,,,,,,,,,,,,,,
,,,,,,,,,,,,,,,,,,,,,,,,,,,,,,,,,
,,,,,,,,,,,,,,,,,,,,,,,,,,,,,,,,,
,,,,,,,,,,,,,,,,,,,,,,,,,,,,,,,,,
,,,,,,,,,,,,,,,,,,,,,,,,,,,,,,,,,
,,,,,,,,,,,,,,,,,,,,,,,,,,,,,,,,,
,,,,,,,,,,,,,,,,,,,,,,,,,,,,,,,,,
,,,,,,,,,,,,,,,,,,,,,,,,,,,,,,,,,
,,,,,,,,,,,,,,,,,,,,,,,,,,,,,,,,,
,,,,,,,,,,,,,,,,,,,,,,,,,,,,,,,,,
,,,,,,,,,,,,,,,,,,,,,,,,,,,,,,,,,
,,,,,,,,,,,,,,,,,,,,,,,,,,,,,,,,,
,,,,,,,,,,,,,,,,,,,,,,,,,,,,,,,,,
,,,,,,,,,,,,,,,,,,,,,,,,,,,,,,,,,
,,,,,,,,,,,,,,,,,,,,,,,,,,,,,,,,,
,,,,,,,,,,,,,,,,,,,,,,,,,,,,,,,,,
,,,,,,,,,,,,,,,,,,,,,,,,,,,,,,,,,
,,,,,,,,,,,,,,,,,,,,,,,,,,,,,,,,,
,,,,,,,,,,,,,,,,,,,,,,,,,,,,,,,,,
,,,,,,,,,,,,,,,,,,,,,,,,,,,,,,,,,
,,,,,,,,,,,,,,,,,,,,,,,,,,,,,,,,,
,,,,,,,,,,,,,,,,,,,,,,,,,,,,,,,,,
,,,,,,,,,,,,,,,,,,,,,,,,,,,,,,,,,
,,,,,,,,,,,,,,,,,,,,,,,,,,,,,,,,,
,,,,,,,,,,,,,,,,,,,,,,,,,,,,,,,,,
,,,,,,,,,,,,,,,,,,,,,,,,,,,,,,,,,
,,,,,,,,,,,,,,,,,,,,,,,,,,,,,,,,,
,,,,,,,,,,,,,,,,,,,,,,,,,,,,,,,,,
,,,,,,,,,,,,,,,,,,,,,,,,,,,,,,,,,
,,,,,,,,,,,,,,,,,,,,,,,,,,,,,,,,,
,,,,,,,,,,,,,,,,,,,,,,,,,,,,,,,,,
,,,,,,,,,,,,,,,,,,,,,,,,,,,,,,,,,
,,,,,,,,,,,,,,,,,,,,,,,,,,,,,,,,,
,,,,,,,,,,,,,,,,,,,,,,,,,,,,,,,,,
,,,,,,,,,,,,,,,,,,,,,,,,,,,,,,,,,
,,,,,,,,,,,,,,,,,,,,,,,,,,,,,,,,,
,,,,,,,,,,,,,,,,,,,,,,,,,,,,,,,,,
,,,,,,,,,,,,,,,,,,,,,,,,,,,,,,,,,
,,,,,,,,,,,,,,,,,,,,,,,,,,,,,,,,,
,,,,,,,,,,,,,,,,,,,,,,,,,,,,,,,,,
,,,,,,,,,,,,,,,,,,,,,,,,,,,,,,,,,
,,,,,,,,,,,,,,,,,,,,,,,,,,,,,,,,,
,,,,,,,,,,,,,,,,,,,,,,,,,,,,,,,,,
,,,,,,,,,,,,,,,,,,,,,,,,,,,,,,,,,
,,,,,,,,,,,,,,,,,,,,,,,,,,,,,,,,,
,,,,,,,,,,,,,,,,,,,,,,,,,,,,,,,,,
,,,,,,,,,,,,,,,,,,,,,,,,,,,,,,,,,
,,,,,,,,,,,,,,,,,,,,,,,,,,,,,,,,,
,,,,,,,,,,,,,,,,,,,,,,,,,,,,,,,,,
,,,,,,,,,,,,,,,,,,,,,,,,,,,,,,,,,
,,,,,,,,,,,,,,,,,,,,,,,,,,,,,,,,,
,,,,,,,,,,,,,,,,,,,,,,,,,,,,,,,,,
,,,,,,,,,,,,,,,,,,,,,,,,,,,,,,,,,
,,,,,,,,,,,,,,,,,,,,,,,,,,,,,,,,,
,,,,,,,,,,,,,,,,,,,,,,,,,,,,,,,,,
,,,,,,,,,,,,,,,,,,,,,,,,,,,,,,,,,
,,,,,,,,,,,,,,,,,,,,,,,,,,,,,,,,,
,,,,,,,,,,,,,,,,,,,,,,,,,,,,,,,,,
,,,,,,,,,,,,,,,,,,,,,,,,,,,,,,,,,
,,,,,,,,,,,,,,,,,,,,,,,,,,,,,,,,,
,,,,,,,,,,,,,,,,,,,,,,,,,,,,,,,,,
,,,,,,,,,,,,,,,,,,,,,,,,,,,,,,,,,
,,,,,,,,,,,,,,,,,,,,,,,,,,,,,,,,,
,,,,,,,,,,,,,,,,,,,,,,,,,,,,,,,,,
,,,,,,,,,,,,,,,,,,,,,,,,,,,,,,,,,
,,,,,,,,,,,,,,,,,,,,,,,,,,,,,,,,,
,,,,,,,,,,,,,,,,,,,,,,,,,,,,,,,,,
,,,,,,,,,,,,,,,,,,,,,,,,,,,,,,,,,
,,,,,,,,,,,,,,,,,,,,,,,,,,,,,,,,,
,,,,,,,,,,,,,,,,,,,,,,,,,,,,,,,,,
,,,,,,,,,,,,,,,,,,,,,,,,,,,,,,,,,
,,,,,,,,,,,,,,,,,,,,,,,,,,,,,,,,,
,,,,,,,,,,,,,,,,,,,,,,,,,,,,,,,,,
,,,,,,,,,,,,,,,,,,,,,,,,,,,,,,,,,
,,,,,,,,,,,,,,,,,,,,,,,,,,,,,,,,,
,,,,,,,,,,,,,,,,,,,,,,,,,,,,,,,,,
,,,,,,,,,,,,,,,,,,,,,,,,,,,,,,,,,
,,,,,,,,,,,,,,,,,,,,,,,,,,,,,,,,,
,,,,,,,,,,,,,,,,,,,,,,,,,,,,,,,,,
,,,,,,,,,,,,,,,,,,,,,,,,,,,,,,,,,
,,,,,,,,,,,,,,,,,,,,,,,,,,,,,,,,,
,,,,,,,,,,,,,,,,,,,,,,,,,,,,,,,,,
,,,,,,,,,,,,,,,,,,,,,,,,,,,,,,,,,
,,,,,,,,,,,,,,,,,,,,,,,,,,,,,,,,,
,,,,,,,,,,,,,,,,,,,,,,,,,,,,,,,,,
,,,,,,,,,,,,,,,,,,,,,,,,,,,,,,,,,
,,,,,,,,,,,,,,,,,,,,,,,,,,,,,,,,,
,,,,,,,,,,,,,,,,,,,,,,,,,,,,,,,,,
,,,,,,,,,,,,,,,,,,,,,,,,,,,,,,,,,
,,,,,,,,,,,,,,,,,,,,,,,,,,,,,,,,,
,,,,,,,,,,,,,,,,,,,,,,,,,,,,,,,,,
,,,,,,,,,,,,,,,,,,,,,,,,,,,,,,,,,
,,,,,,,,,,,,,,,,,,,,,,,,,,,,,,,,,
,,,,,,,,,,,,,,,,,,,,,,,,,,,,,,,,,
,,,,,,,,,,,,,,,,,,,,,,,,,,,,,,,,,
,,,,,,,,,,,,,,,,,,,,,,,,,,,,,,,,,
,,,,,,,,,,,,,,,,,,,,,,,,,,,,,,,,,
,,,,,,,,,,,,,,,,,,,,,,,,,,,,,,,,,
,,,,,,,,,,,,,,,,,,,,,,,,,,,,,,,,,
,,,,,,,,,,,,,,,,,,,,,,,,,,,,,,,,,
,,,,,,,,,,,,,,,,,,,,,,,,,,,,,,,,,
,,,,,,,,,,,,,,,,,,,,,,,,,,,,,,,,,
,,,,,,,,,,,,,,,,,,,,,,,,,,,,,,,,,
,,,,,,,,,,,,,,,,,,,,,,,,,,,,,,,,,